"","scientific_name.x","dispersal_km","Migration_km","mean.hra.m2","Mass_kg","class","order","diet_broadest_cat","media_simplified","media_dispersal","media_migration","media_foraging","source_dispersal","Migration_source","source_hra","dispersal_type","hr.radius","dispersal_source_type","foraging_source_type","migration_source_type","dispersal_year","foraging_year","migration_year"
"1","Ammodramus_savannarum",0.3461,1343.9,10900,0.0167,"Mammalia","Eulipotyphla","Invertivore","air","air","air","air","Anthony_etal_2013","Horton_2018","Mace_Harvey_1983","mean",0.0589031218137317,"single","db","db","2013","1983","2018"
"2","Cardellina_canadensis",0.5001,5217.1,10117.1,0.0093,"Aves","Passeriformes","Invertivore","air","air","air","air","Ball_etal_2016","Horton_2018","Schoener_1968","max? (up to)",0.0567483299270563,"single","db","db","2016","1968","2018"
"3","Falcipennis_canadensis",1.7301,3.98,227000,0.456,"Aves","Galliformes","Herbivore","land","land","land","land","Barrowclough_Schroeder_2016","Herzog_Keppie_1980","Lycke_et_al_2011","mean",0.268805402035972,"single","single","single","2016","2011","1980"
"4","Saxicola_rubetra",0.5001,6000,7300,0.01648,"Aves","Passeriformes","Invertivore","air","air","air","air","Bastian_1992","Moller_etal_2004","Tamburello_etal_2015","mean",0.0482043791490117,"single","db","db","1992","2015","2004"
"5","Megascops_asio",2.3001,0,485100,0.2021,"Aves","Strigiformes","Invertivore","air","air","","air","Belthoff_Ritchison_1989","IUCN","Belthoff_etal_1993","median",0.392953083443503,"single","single","db","1989","1993","IUCN"
"6","Setophaga_kirtlandii",2.2001,1900,33993.6,0.014,"Aves","Passeriformes","Invertivore","air","air","air","air","Berger_Radabaugh_1968","Hein_etal_2012","Schoener_1968","mean",0.104021627304024,"single","db","db","1968","1968","2012"
"7","Spiza_americana",0.1126,3533.9,8900,0.035,"Aves","Passeriformes","Omnivore","air","air","air","air","Berkley_etal_2007","Horton_2018","Mace_Harvey_1983","mean",0.0532255388609241,"single","db","db","2007","1983","2018"
"8","Pantherophis_obsoletus",0.8111,0.49,250000,0.6428,"Reptilia","Squamata","Carnivore","land","land","land","land","Blouin-Demers_Weatherhead_2002","Blouin-Demers_Weatherhead_2002","Ward_etal_2013","mean",0.282094791773878,"single","single","single","2002","2013","2002"
"9","Aythya_fuligula",0.2281,4500,380,0.66,"Aves","Anseriformes","Omnivore","","air","air","land_aquatic","Blums_etal_2003","Hein_etal_2012","Kear_2005","mean",0.0109980796846468,"single","single","db","2003","2005","2012"
"10","Upupa_epops",1.4101,5000,12560000,0.067,"Aves","Upupiformes","Invertivore","air","air","air","air_land","Botsch_etal_2012","Hein_Gillooly_2011","Tamburello_etal_2015","mean",1.99949297834936,"single","db","db","2012","2015","2011"
"11","Chordeiles_minor",0.0501,11000,108.16,0.062,"Aves","Caprimulgiformes","Invertivore","air","air","air","air","Brigham_etal_2011","Hein_Gillooly_2011","Armstrong_1965","mean",0.00586757166889667,"single","db","db","2011","1965","2011"
"12","Acrocephalus_scirpaceus",11.0001,6000,15700,0.011,"Aves","Passeriformes","Invertivore","air","air","air","air","Bulyuk_et_al_2000","Hein_etal_2012","Andueza_etal_2014","mean",0.0706927521962861,"single","single","db","2000","2014","2012"
"13","Asio_flammeus",326.9001,4722,408.04,0.315,"Aves","Strigiformes","Carnivore","air","air","air","air","Calladine_et_al_2012","Johnson_etal_2017","Armstrong_1965","mean",0.0113966295876647,"single","db","single","2012","1965","2017"
"14","Setophaga_petechia",0.1196,3740,1699.68,0.0095,"Aves","Passeriformes","Invertivore","air","air","air","air","Cilimburg_et_al_2002","Horton_2018","Schoener_1968","median",0.0232599429781946,"single","db","db","2002","1968","2018"
"15","Cervus_nippon",1.6001,100,851490.88,29.45032,"Mammalia","Artiodactyla","Herbivore","land","land","land","land","Davidson_1979","Hein_etal_2012","Tamburello_etal_2015","mean",0.520613066585286,"single","db","db","1979","2015","2012"
"16","Dicrostonyx_groenlandicus",20.0001,5.4,2000,0.054,"Mammalia","Rodentia","Herbivore","land","land","land","land","Ehrich_etal_2001","Hein_etal_2012","Mace_Harvey_1983","max?",0.0252313252202016,"single","db","db","2001","1983","2012"
"17","Lemmus_lemmus",20.0001,32,8560,0.1,"Mammalia","Rodentia","Herbivore","land","land","land","land","Ehrich_Stenseth_2001","Hein_etal_2012","Banks_etal_1975","mean",0.0521989715007226,"single","single","db","2001","1975","2012"
"18","Dolichonyx_oryzivorus",1.5221,8057,7450,0.042,"Aves","Passeriformes","Omnivore","","air","air","air_land","Fajardo_etal_2009","LaSorte_etal_2013","Renfrew_etal_2015","mean",0.0486971113318772,"single","single","db","2009","2015","2013"
"19","Turdus_migratorius",40.0001,6400,1214.06,0.077,"Aves","Passeriformes","Invertivore","air","air","air","air","Farner_1945","Hein_Gillooly_2011","Schoener_1968","mean",0.0196582629044454,"single","db","db","1945","1968","2011"
"20","Ovibos_moschatus",5.0001,320,25500000,480,"Mammalia","Artiodactyla","Herbivore","land","land","land","land","Forchhammer_1995","Hein_etal_2012","Reynolds_1992","mean",2.8490177426065,"single","single","db","1995","1992","2012"
"21","Anaxyrus_americanus",0.6861,0.45273,687.95,0.06,"Amphibia","Anura","Invertivore","land","land","land","land","Forester_etal_2006","Trochet_etal_2014","Trochet_etal_2014_2014","mean",0.014798016292738,"single","db","db","2006","2014","2014"
"22","Anas_crecca",0.5001,5000,747500,0.35,"Aves","Anseriformes","Herbivore","","air","air","air_land_aquatic","Fox_1986","Hein_Gillooly_2011","Legagneux_etal_2009","mean",0.487787494635096,"single","single","db","1986","2009","2011"
"23","Connochaetes_taurinus",170.0001,400,20000,140,"Mammalia","Artiodactyla","Herbivore","land","land","land","land","Georgiadis_1995","Hein_etal_2012","Grant_etal_1992","mean",0.0797884560802865,"single","single","db","1995","1992","2012"
"24","Sturnella_neglecta",0.5001,877.5,30351.4,0.089,"Aves","Passeriformes","Invertivore","air","air","air","air","Giovanni_2009","Horton_2018","Schoener_1968","max (up to)",0.0982911526004182,"single","db","db","2009","1968","2018"
"25","Crocuta_crocuta",10.0001,80,2.5e+07,59,"Mammalia","Carnivora","Carnivore","land","land","land","land","Hofer_East_1995","Hein_etal_2012","Gittleman_Harvey_1982","mean",2.82094791773878,"single","db","db","1995","1982","2012"
"26","Scapanus_townsendii",0.8561,0,1000,0.142,NA,NA,"Invertivore","land","land","","land","Jenkins_et_al_2007","IUCN","Harestad_ Bunnel_1979","max",0.0178412411615277,"db","db","db","2007","1979","IUCN"
"27","Heterodon_platirhinos",0.2441,0.3,516375,0.14732,"Reptilia","Squamata","Carnivore","land","land","land","land","Jenkins_et_al_2007","Vanek_Wasco_2017","Tamburello_etal_2015","max",0.405422332239055,"db","db","single","2007","2015","2017"
"28","Desmognathus_fuscus",0.0401,0.0171,48.4,0.0045,"Amphibia","Caudata","Invertivore","","land_aquatic","land_aquatic","land_aquatic","Jenkins_et_al_2007","Ashton_1975","Barbour_etal_1969","max",0.0039250730555361,"db","single","single","2007","1969","1975"
"29","Dryocopus_pileatus",32.0001,0,2630000,0.287,"Aves","Piciformes","Invertivore","air","air","","air","Jenkins_et_al_2007","IUCN","Bowman_2003","max",0.914961748196814,"db","db","db","2007","2003","IUCN"
"30","Toxostoma_curvirostre",30.0001,0,20000,0.08054,"Aves","Passeriformes","Invertivore","air","air","","air","Jenkins_et_al_2007","IUCN","Bowman_2003","max",0.0797884560802865,"db","db","db","2007","2003","IUCN"
"31","Elanus_leucurus",160.0001,0,78000,0.325,"Aves","Accipitriformes","Carnivore","air","air","","air","Jenkins_et_al_2007","Bildstein_2004","Bowman_2003","max",0.157569575497098,"db","db","single","2007","2003","2004"
"32","Bubo_virginianus",1305.0001,0,4800000,1.51,"Aves","Strigiformes","Carnivore","air","air","","air","Jenkins_et_al_2007","Fristoe_et_al_2017","Makarieva_etal_2005","max",1.23607744647421,"db","db","db","2007","2005","2017"
"33","Cryptobranchus_alleganiensis",0.9901,0,110,0.571,"Amphibia","Caudata","Invertivore","water","aquatic",NA,"aquatic","Jenkins_et_al_2007","Bodinof_etal_2012","Hillis_Bellis_1971","max",0.0059172702727032,"db","single","single","2007","1971","2012"
"34","Sylvilagus_bachmani",0.3521,0,2800,0.695,"Mammalia","Lagomorpha","Herbivore","land","land","land","land","Jenkins_et_al_2007","Chapman_1974","Harestad_ Bunnel_1979","max",0.0298541066072092,"db","db","single","2007","1979","1974"
"35","Dendragapus_obscurus",11.0001,4.5,16996.8,1.05,"Aves","Galliformes","Herbivore","land","land","land","land","Jenkins_et_al_2007","Cade_Hoffman_1993","Schoener_1968","max",0.0735543980567352,"db","db","single","2007","1968","1993"
"36","Strix_occidentalis",87.4001,31,1.4e+07,0.637,"Aves","Strigiformes","Carnivore","air","air","air","air","Jenkins_et_al_2007","Laymon_1989","Makarieva_etal_2005","max",2.11100412282238,"db","db","single","2007","2005","1989"
"37","Chrysemys_picta",0.6211,0.06,31500,0.3545,"Reptilia","Testudines","Carnivore","land","land_aquatic","land_aquatic","aquatic","Jenkins_et_al_2007","Congdon_Gatten_1989","Tamburello_etal_2015","max",0.100133717671868,"db","db","single","2007","2015","1989"
"38","Mus_musculus",1.5001,0.01,800,0.014,"Mammalia","Rodentia","Omnivore","land","land","land","land","Jenkins_et_al_2007","Sidorov_2010","Mace_Harvey_1983","max",0.0159576912160573,"db","db","single","2007","1983","2010"
"39","Castor_canadensis",40.6001,0,32374.9,20.25,"Mammalia","Rodentia","Herbivore","","land_aquatic","","land_aquatic","Jenkins_et_al_2007","Lancia_etal_1982","McNab_1963","max",0.101514780865703,"db","db","single","2007","1963","1982"
"40","Canis_latrans",232.0001,35.8,6190000,14.06,"Mammalia","Carnivora","Omnivore","land","land","land","land","Jenkins_et_al_2007","Gantz_Knowlton_2005","Swihart_etal_1988","max",1.40368735674211,"db","db","single","2007","1988","2005"
"41","Emydoidea_blandingii",1.1151,1.3,33000,1.294,"Reptilia","Testudines","Carnivore","land","land_aquatic","land","land_aquatic","Jenkins_et_al_2007","Congdon_etal_2011","Tamburello_etal_2015","max",0.102490127544389,"db","db","single","2007","2015","2011"
"42","Meles_meles",8.3001,0,870000,13,"Mammalia","Carnivora","Omnivore","land","land","","land","Jenkins_et_al_2007","IUCN","Gittleman_Harvey_1982","max",0.526241010355424,"db","db","db","2007","1982","IUCN"
"43","Larus_delawarensis",700.0001,1563,1.5e+08,0.57,"Aves","Charadriiformes","Omnivore","air","air","air","air","Jenkins_et_al_2007","Gabrey_1996","Clark_etal_2016","max",6.90988298942671,"db","single","single","2007","2016","1996"
"44","Varanus_varius",1.8001,0,558000,0.5651,"Reptilia","Squamata","Carnivore","land","land","","land","Jenkins_et_al_2007","Guarino_2002","Perry_Garland_2002","max",0.421446220164038,"db","db","single","2007","2002","2002"
"45","Urile_pelagicus",150.0001,920,3.14e+08,1.562,"Aves","Pelecaniformes","Carnivore","","air","air","air_marine","Jenkins_et_al_2007","Hatch_et_al_2011","Hatch_et_al_2011","max",9.99746489174682,"db","single","single","2007","2011","2011"
"46","Apus_apus",111.0001,12000,9.33e+09,0.04,"Aves","Apodiformes","Invertivore","air","air","air","air","Jenkins_et_al_2007","Hein_etal_2012","ADW","max",54.4961580122376,"db","db","db","2007","ADW","2012"
"47","Bucephala_clangula",6.0001,3000,110000,0.92,"Aves","Anseriformes","Carnivore","","air","air","aquatic","Jenkins_et_al_2007","Hein_etal_2012","Bowman_2003","max",0.187120515925478,"db","db","db","2007","2003","2012"
"48","Ficedula_hypoleuca",56.0001,7000,14000,0.016,"Aves","Passeriformes","Invertivore","air","air","air","air","Jenkins_et_al_2007","Hein_etal_2012","Bowman_2003","max",0.0667558117812455,"db","db","db","2007","2003","2012"
"49","Chroicocephalus_ridibundus",189.5001,4000,1.08e+09,0.28,"Aves","Charadriiformes","Carnivore","air","air","air","air","Jenkins_et_al_2007","Hein_etal_2012","Gorke_Brandl_1986","max",18.5411616971131,"db","single","db","2007","1986","2012"
"50","Larus_fuscus",202.0001,6500,1.61e+08,0.8,"Aves","Charadriiformes","Carnivore","air","air","air","air","Jenkins_et_al_2007","Hein_etal_2012","Thaxter_etal_2015","max",7.15876327835963,"db","single","db","2007","2015","2012"
"51","Sylvia_communis",52.4001,9000,2000,0.018,"Aves","Passeriformes","Invertivore","air","air","air","air","Jenkins_et_al_2007","Hein_etal_2012","Halupka_etal_2002","max",0.0252313252202016,"db","single","db","2007","2002","2012"
"52","Carcharodon_carcharias",1450.0001,11000,7855000,550,"Chondrichthyes","Lamniformes","Carnivore","water","marine","marine","marine","Jenkins_et_al_2007","Hein_etal_2012","Jewell_et_al_2014","max",1.58124133388097,"db","single","db","2007","2014","2012"
"53","Canis_lupus",886.0001,500,62500000,37,"Mammalia","Carnivora","Carnivore","land","land","land","land","Jenkins_et_al_2007","Hein_etal_2012","Lindstedt_etal_1986","max",4.46031029038193,"db","db","db","2007","1986","2012"
"54","Tursiops_truncatus",1000.0001,1100,51300000,140,"Mammalia","Artiodactyla","Carnivore","water","marine","marine","marine","Jenkins_et_al_2007","Hein_etal_2012","Gubbins_2002","max",4.04095250667815,"db","single","db","2007","2002","2012"
"55","Isurus_oxyrinchus",4543.0001,2400,1.04e+09,58,"Chondrichthyes","Lamniformes","Carnivore","water","marine","marine","marine","Jenkins_et_al_2007","Hein_etal_2012","Rogers_etal_2015","max",18.1945673658689,"db","single","db","2007","2015","2012"
"56","Apodemus_sylvaticus",0.5001,0,13052.09,0.0212,"Mammalia","Rodentia","Herbivore","land","land","","land","Jenkins_et_al_2007","Kikkawa_1964","Tamburello_etal_2015","max",0.064456258674861,"db","db","single","2007","2015","1964"
"57","Fringilla_coelebs",22.6001,5000,42000,0.02325,"Aves","Passeriformes","Invertivore","air","air","air","air","Jenkins_et_al_2007","Hein_etal_2012","Tamburello_etal_2015","max",0.115624457705622,"db","db","db","2007","2015","2012"
"58","Motacilla_flava",35.5001,8000,10117.13,0.0175,"Aves","Passeriformes","Invertivore","air","air","air","air","Jenkins_et_al_2007","Hein_Gillooly_2011","Tamburello_etal_2015","max",0.0567484140642416,"db","db","db","2007","2015","2011"
"59","Muscicapa_striata",48.0001,13000,10000,0.0128,"Aves","Passeriformes","Invertivore","air","air","air","air","Jenkins_et_al_2007","Hein_Gillooly_2011","Tamburello_etal_2015","max",0.0564189583547756,"db","db","db","2007","2015","2011"
"60","Mustela_erminea",5.6001,0,1323244.2,0.27054,"Mammalia","Carnivora","Carnivore","land","land","","land","Jenkins_et_al_2007","IUCN","Tamburello_etal_2015","max",0.649000547530864,"db","db","db","2007","2015","IUCN"
"61","Oenanthe_oenanthe",95.6001,1400,15378.03,0.0252,"Aves","Passeriformes","Invertivore","air","air","air","air","Jenkins_et_al_2007","Hein_Gillooly_2011","Tamburello_etal_2015","max",0.0699641263722411,"db","db","db","2007","2015","2011"
"62","Onychomys_torridus",0.3291,0,25945.38,0.022,"Mammalia","Rodentia","Carnivore","land","land","","land","Jenkins_et_al_2007","O'Farrell_1974","Tamburello_etal_2015","max",0.0908772301228157,"db","db","single","2007","2015","1974"
"63","Phoenicurus_phoenicurus",36.0001,6000,4500,0.01521,"Aves","Passeriformes","Invertivore","air","air","air","air","Jenkins_et_al_2007","Hein_Gillooly_2011","Tamburello_etal_2015","max",0.0378469878303024,"db","db","db","2007","2015","2011"
"64","Streptopelia_turtur",30.4001,6000,63585000,0.14033,"Aves","Columbiformes","Herbivore","air","air","air","air","Jenkins_et_al_2007","Hein_Gillooly_2011","Tamburello_etal_2015","max",4.49885920128607,"db","db","db","2007","2015","2011"
"65","Sylvilagus_floridanus",3.9001,0,28920.11,1.36079,"Mammalia","Lagomorpha","Herbivore","land","land","","land","Jenkins_et_al_2007","Schribner_Warren_1990","Tamburello_etal_2015","max",0.0959455935544864,"db","db","single","2007","2015","1990"
"66","Prionace_glauca",7870.0001,3200,1.64e+12,70,"Chondrichthyes","Carcharhiniformes","Carnivore","water","marine","marine","marine","Jenkins_et_al_2007","Hein_Gillooly_2011","Vandeperre_etal_2014","max",722.515199384357,"db","single","db","2007","2014","2011"
"67","Physeter_catodon",4000.0001,5000,3.14e+12,45000,"Mammalia","Artiodactyla","Carnivore","water","marine","marine","marine","Jenkins_et_al_2007","Hein_Gillooly_2011","Whitehead_2008","max",999.746489174682,"db","single","db","2007","2008","2011"
"68","Corvus_corax",11.4801,0,9388707,1.134,"Aves","Passeriformes","Omnivore","air","air","","air","Jenkins_et_al_2007","Heldbjerg_Fox_2008","Schoener_1968","max",1.72873313631195,"db","db","single","2007","1968","2008"
"69","Lagopus_leucura",29.0001,5.47,10300,0.516,"Aves","Galliformes","Herbivore","land","land","land","land","Jenkins_et_al_2007","Hoffman_1975","Giesen_Braun_1992","max",0.0572589890558072,"db","single","single","2007","1992","1975"
"70","Falco_tinnunculus",158.8001,2125.3,3e+06,0.2,"Aves","Falconiformes","Carnivore","air","air","air","air","Jenkins_et_al_2007","Holte_etal_2016","Makarieva_etal_2005","max",0.97720502380584,"db","db","single","2007","2005","2016"
"71","Recurvirostra_americana",19.4001,1703.2,20700000,0.32,"Aves","Charadriiformes","Carnivore","","air","air","air_land","Jenkins_et_al_2007","Horton_2018","Ackerman_etal_2007","max",2.56690760332437,"db","single","db","2007","2007","2018"
"72","Bucephala_albeola",4.5001,2110.2,5600,0.334,"Aves","Anseriformes","Carnivore","","air","air","land_aquatic_marine","Jenkins_et_al_2007","Horton_2018","Bowman_2003","max",0.0422200824564475,"db","db","db","2007","2003","2018"
"73","Passerculus_sandwichensis",1.6001,2529.23,1400,0.02,"Aves","Passeriformes","Omnivore","air","air","air","air","Jenkins_et_al_2007","Horton_2018","Bowman_2003","max",0.0211100412282238,"db","db","db","2007","2003","2018"
"74","Zonotrichia_leucophrys",2.6001,2396.1,1200,0.028,"Aves","Passeriformes","Omnivore","air","air","air","air","Jenkins_et_al_2007","Horton_2018","Bowman_2003","max",0.0195441004761168,"db","db","db","2007","2003","2018"
"75","Aix_sponsa",3.8001,469.4,3670000,0.658,"Aves","Anseriformes","Omnivore","","air","air","air_land_aquatic","Jenkins_et_al_2007","Horton_2018","Hartke _Hepp_2004","max",1.0808317548511,"db","single","db","2007","2004","2018"
"76","Lanius_ludovicianus",79.7001,567.5,60000,0.0481,"Aves","Passeriformes","Invertivore","air","air","air","air","Jenkins_et_al_2007","Horton_2018","Makarieva_etal_2005","max",0.138197659788534,"db","db","db","2007","2005","2018"
"77","Malurus_splendens",2.4001,0,43000,0.01,"Aves","Passeriformes","Invertivore","air","air","","air","Jenkins_et_al_2007","IUCN","Bowman_2003","max",0.116992842113964,"db","db","db","2007","2003","IUCN"
"78","Perisoreus_canadensis",11.3001,0,870000,0.071,"Aves","Passeriformes","Omnivore","air","air","","air","Jenkins_et_al_2007","IUCN","Bowman_2003","max",0.526241010355424,"db","db","db","2007","2003","IUCN"
"79","Strix_nebulosa",50.0001,0,47800000,1.16,"Aves","Strigiformes","Carnivore","air","air","","air","Jenkins_et_al_2007","Cornell Birds of North America","Bowman_2003","max",3.90066821962407,"db","db","single","2007","2003","2004"
"80","Tetrastes_bonasia",5.7001,0,120000,0.429,"Aves","Galliformes","Herbivore","land","land","","land","Jenkins_et_al_2007","Avibase","Bowman_2003","max",0.195441004761168,"db","db","db","2007","2003","Avibase"
"81","Peromyscus_maniculatus",1.3201,0,8100,0.016,"Mammalia","Rodentia","Omnivore","land","land","","land","Jenkins_et_al_2007","IUCN","Harestad_ Bunnel_1979","max",0.0507770625192981,"db","db","db","2007","1979","IUCN"
"82","Picoides_borealis",90.0001,0,869000,0.044,"Aves","Piciformes","Invertivore","air","air","","air","Jenkins_et_al_2007","IUCN","Hooper_et_al_1982","max",0.525938486035881,"db","single","db","2007","1982","IUCN"
"83","Gymnorhinus_cyanocephalus",640.0001,0,59800000,0.103,"Aves","Passeriformes","Omnivore","air","air","","air","Jenkins_et_al_2007","IUCN","Johnson_etal_2016","max",4.36290398631355,"db","single","db","2007","2016","IUCN"
"84","Aquila_adalberti",430.0001,0,1.2e+07,3,"Aves","Accipitriformes","Carnivore","air","air","","air","Jenkins_et_al_2007","IUCN","Makarieva_etal_2005","max",1.95441004761168,"db","db","db","2007","2005","IUCN"
"85","Parabuteo_unicinctus",160.0001,0,3900000,0.73,"Aves","Accipitriformes","Carnivore","air","air","","air","Jenkins_et_al_2007","IUCN","Makarieva_etal_2005","max",1.11418515342684,"db","db","db","2007","2005","IUCN"
"86","Iguana_iguana",1.4101,0,4370,1.068414286,"Reptilia","Squamata","Herbivore","land","land","","land","Jenkins_et_al_2007","IUCN","Perry_Garland_2002","max",0.0372963028009904,"db","db","db","2007","2002","IUCN"
"87","Lagopus_lagopus",7.5001,0,25899.9,0.62,"Aves","Galliformes","Herbivore","land","land","","land","Jenkins_et_al_2007","IUCN","Schoener_1968","max",0.0907975452375865,"db","db","db","2007","1968","IUCN"
"88","Aegithalos_caudatus",24.9001,0,42000,0.008,"Aves","Passeriformes","Invertivore","air","air","","air","Jenkins_et_al_2007","IUCN","Tamburello_etal_2015","max",0.115624457705622,"db","db","db","2007","2015","IUCN"
"89","Lampropeltis_triangulum",0.5001,0,240400,0.165,"Reptilia","Squamata","Carnivore","land","land","","land","Jenkins_et_al_2007","IUCN","Tamburello_etal_2015","max",0.276625553119345,"db","db","db","2007","2015","IUCN"
"90","Picus_viridis",27.8001,0,1850000,0.18667,"Aves","Piciformes","Invertivore","air","air","","air","Jenkins_et_al_2007","IUCN","Tamburello_etal_2015","max",0.767380798196054,"db","db","db","2007","2015","IUCN"
"91","Coluber_constrictor",2.2901,0,151000,0.55615,"Reptilia","Squamata","Carnivore","land","land","","land","Jenkins_et_al_2007","IUCN","Tamburello_etal_2015","max",0.219236841825804,"db","db","db","2007","2015","IUCN"
"92","Dicamptodon_tenebrosus",0.06635,0.05,2978.58,0.06765,"Amphibia","Caudata","Carnivore","land","land","land","land","Jenkins_et_al_2007","JOHNSTON_1999","Johnston_Frid_2002","max",0.0307914186225532,"db","single","single","2007","2002","1999"
"93","Thomomys_bottae",0.3001,0,71.14,0.16018,"Mammalia","Rodentia","Herbivore","land","land","","land","Jenkins_et_al_2007","Jones_Baxter_2004","Tamburello_etal_2015","max",0.00475863061217351,"db","db","single","2007","2015","2004"
"94","Carcharhinus_limbatus",2146.0001,2148,977000,25.258,"Chondrichthyes","Carcharhiniformes","Carnivore","water","marine","marine","marine","Jenkins_et_al_2007","Keeney_et_al_2003","Heupel_et_al_2004","max",0.557663661001471,"db","single","single","2007","2004","2003"
"95","Sternotherus_odoratus",0.0111,0,28000,0.19,"Reptilia","Testudines","Carnivore","land","land","","aquatic","Jenkins_et_al_2007","King_Heatwolfe_1999","Tamburello_etal_2015","max",0.094406974388263,"db","db","single","2007","2015","1999"
"96","Nerodia_erythrogaster",1.0001,0,131000,0.31324,"Reptilia","Squamata","Carnivore","land","land_aquatic","","land_aquatic","Jenkins_et_al_2007","Kingsbury_Copolla_2000","Tamburello_etal_2015","max",0.2042023386009,"db","db","single","2007","2015","2000"
"97","Pseudacris_triseriata",0.2131,0,2117,0.00179,"Amphibia","Anura","Invertivore","land","land","land","land","Jenkins_et_al_2007","Dinsmore_Swanson_2008","Kramer_1974","max",0.0259588526143026,"db","single","single","2007","1974","2008"
"98","Riparia_riparia",144.0001,3454,282743,0.012,"Aves","Passeriformes","Invertivore","air","air","air","air","Jenkins_et_al_2007","LaSorte_etal_2013","Alves__Johnstone_1994","max",0.299999820248719,"db","single","db","2007","1994","2013"
"99","Accipiter_cooperii",35.2001,2500,84646.0836,0.47,"Aves","Accipitriformes","Carnivore","air","air","air","aor","Jenkins_et_al_2007","Henney_1990","Armstrong_1965","max",0.164145317437384,"db","db","single","2007","1965","1990"
"100","Buteo_lineatus",24.0001,1000,4604.9796,0.625,"Aves","Accipitriformes","Carnivore","air","air","air","air","Jenkins_et_al_2007","Jacobs_Jacobs_2002","Armstrong_1965","max",0.0382859051395507,"db","db","single","2007","1965","2002"
"101","Buteo_swainsoni",320.0001,13504,182628.0225,0.988,"Aves","Accipitriformes","Carnivore","air","air","air","air","Jenkins_et_al_2007","Fuller_etal_1998","Armstrong_1965","max",0.241106418529134,"db","db","single","2007","1965","1998"
"102","Falco_columbarius",81.1001,3400,125663.7,0.218,"Aves","Falconiformes","Carnivore","air","air","air","air","Jenkins_et_al_2007","Warkentin_1990","Becker_Sieg_1987","max",0.199999995111085,"db","single","single","2007","1987","1990"
"103","Falco_peregrinus",357.0001,8600,12600000,0.7815,"Aves","Falconiformes","Carnivore","air","air","air","air","Jenkins_et_al_2007","Hein_Gillooly_2011","Bowman_2003","max",2.00267435343736,"db","db","db","2007","2003","2011"
"104","Numenius_phaeopus",1.6301,5000,210000,0.4,"Aves","Charadriiformes","Omnivore","air","air","air","air_land","Jenkins_et_al_2007","Watts_etal_2008","Bowman_2003","max",0.258544147291321,"db","db","single","2007","2003","2008"
"105","Sayornis_nigricans",34.4001,100,700,0.02,"Aves","Passeriformes","Invertivore","air","air","air","air","Jenkins_et_al_2007","IUCN","Bowman_2003","max",0.0149270533036046,"db","db","db","2007","2003","IUCN"
"106","Eudocimus_albus",100.0001,0,12570000,1.04,"Aves","Pelecaniformes","Carnivore","","air","","air_land","Jenkins_et_al_2007","IUCN","Frederick_Ogden_1997","max",2.00028879648171,"db","single","db","2007","1997","IUCN"
"107","Zenaida_macroura",4.8001,2900,2170000,0.119,"Aves","Columbiformes","Herbivore","air","air","air","air","Jenkins_et_al_2007","Baskett_etal_1993","Losito_Mirachi_1991","max",0.831103154258739,"db","single","single","2007","1991","1993"
"108","Asio_otus",161.6001,800,5100000,0.252,"Aves","Strigiformes","Carnivore","air","air","air","air","Jenkins_et_al_2007","Holt_1997","Makarieva_etal_2005","max",1.27411946831423,"db","db","single","2007","2005","1997"
"109","Athene_cunicularia",30.0001,2735,10568.3,0.15,"Aves","Strigiformes","Carnivore","","air","air","air_land","Jenkins_et_al_2007","Holroyd_etal_2010","Manning_Goldberg_2010","max",0.0579999514668431,"db","single","single","2007","2010","2010"
"110","Branta_canadensis",30.5001,3500,8960000,3.814,"Aves","Anseriformes","Herbivore","","air","air","air_land","Jenkins_et_al_2007","Hein_Gillooly_2011","Giles_2010","max",1.6888032982579,"db","single","db","2007","2010","2011"
"111","Progne_subis",336.0001,7600,19064472000,0.049,"Aves","Passeriformes","Invertivore","air","air","air","air","Jenkins_et_al_2007","Hein_Gillooly_2011","Russell _Gauthreaux_1999","max",77.8999994382161,"db","single","db","2007","1999","2011"
"112","Accipiter_gentilis",1150.0001,346,2130000,0.978,"Aves","Accipitriformes","Invertivore","air","air","air","air","Jenkins_et_al_2007","Squires_etal_2020","Schoener_1968","max",0.823407588968837,"db","db","single","2007","1968","2020"
"113","Actitis_macularia",146.7001,6700,50000,0.04,"Aves","Charadriiformes","Carnivore","","air","air","air_land","Jenkins_et_al_2007","Reed_etal_2013","Swarth_Mewaldt_1988","max",0.126156626101008,"db","single","single","2007","1988","2013"
"114","Cygnus_buccinator",128.0001,700,508000,11.4,"Aves","Anseriformes","Herbivore","","air","air","land_aquatic","Jenkins_et_al_2007","Mitchell_Eichholz_2020","Travsky_Beauvais_2004","max",0.402121153610906,"db","single","single","2007","2004","2020"
"115","Mephitis_mephitis",21.7001,0,40000,2.586,"Mammalia","Carnivora","Omnivore","air","land","","land","Jenkins_et_al_2007","Gonzales_1997","Gittleman_Harvey_1982","max",0.112837916709551,"db","db","db","2007","1982","1997"
"116","Neovison_vison",45.1001,0,2700000,0.908,"Mammalia","Carnivora","Carnivore","","land","","land_aquatic","Jenkins_et_al_2007","Eccles_etal_2020","Gittleman_Harvey_1982","max",0.927058084855655,"db","db","db","2007","1982","2020"
"117","Ambystoma_californiense",0.6701,0.0359,7.07,0.0266,"Amphibia","Caudata","Invertivore","land","land","land","land","Jenkins_et_al_2007","Loredo_et_al_1996","Loredo_etal_1996","max",0.00150015029091068,"db","single","single","2007","1996","1996"
"118","Procyon_lotor",265.5001,0,3521000,8,"Mammalia","Carnivora","Omnivore","land","land","","land","Jenkins_et_al_2007","Gonzales_1997","Rees_etal_2008","max",1.05866383203221,"db","single","db","2007","2008","1997"
"119","Crotalus_horridus",4.0701,4,2579600,1.02,"Reptilia","Squamata","Carnivore","land","inferred","","land","Jenkins_et_al_2007","Macartney_et_al_1998","Tamburello_etal_2015","max",0.906152405724173,"db","db","single","2007","2015","1998"
"120","Plethodon_jordani",0.3001,0,25,0.00427,"Amphibia","Caudata","Invertivore","land","land","","land","Jenkins_et_al_2007","Madison_1969","Madison_Shoop_1970","max",0.00282094791773878,"db","single","single","2007","1970","1969"
"121","Ambystoma_maculatum",0.7561,0.118,12.57,0.03537,"Amphibia","Caudata","Invertivore","land","land","land","land","Jenkins_et_al_2007","Madison_1997","Freda_1983","max",0.00200028879648171,"db","single","single","2007","1983","1997"
"122","Natrix_natrix",0.1141,0.3,99000,0.0785,"Reptilia","Squamata","Carnivore","land","land","land","land","Jenkins_et_al_2007","Reading_2009","Tamburello_etal_2015","max",0.177518108181096,"db","db","single","2007","2015","2009"
"123","Lacerta_agilis",0.0564,0,384,0.0314,"Reptilia","Squamata","Invertivore","land","land","","land","Jenkins_et_al_2007","Madsen_etal_2000","Perry_Garland_2002","max",0.0110558127830827,"db","db","single","2007","2002","2000"
"124","Gopherus_polyphemus",0.7401,0.2,4500,0.335,"Reptilia","Testudines","Herbivore","land","land","land","land","Jenkins_et_al_2007","McRae_et_al_1981","McRae_etal_1981","max",0.0378469878303024,"db","single","single","2007","1981","1981"
"125","Carinascincus_microlepidotus",0.0525,0,12.1,0.0042,"Reptilia","Squamata","Invertivore","land","land","","land","Jenkins_et_al_2007","Melville_Swain_1997","Perry_Garland_2002","max",0.00196253652776805,"db","db","single","2007","2002","1997"
"126","Cygnus_olor",114.0001,760,60000,11.8,"Aves","Anseriformes","Herbivore","","air","air","land_aquatic_marine","Jenkins_et_al_2007","Wieloch_1991","Global Invasive Species Database","max",0.138197659788534,"db","single","single","2007","GISD","1991"
"127","Erithacus_rubecula",79.8001,500,0.372,0.018,"Aves","Passeriformes","Invertivore","air","air","air","air","Jenkins_et_al_2007","Moller_etal_2004","Armstrong_1965","max",0.000344109397808851,"db","db","db","2007","1965","2004"
"128","Sylvia_atricapilla",117.0001,2500,369300,0.0155,"Aves","Passeriformes","Omnivore","air","air","air","air","Jenkins_et_al_2007","Moller_etal_2004","Assandri_etal_2017","max",0.342858339504341,"db","single","db","2007","2017","2004"
"129","Corvus_corone",35.5001,0,177205.5,0.57,"Aves","Passeriformes","Omnivore","air","air","","air","Jenkins_et_al_2007","Moller_etal_2004","Baglione_etal_2002","max",0.237500026391876,"db","single","db","2007","2002","2004"
"130","Cyanistes_caeruleus",35.7001,0,16000,0.0133,"Aves","Passeriformes","Invertivore","air","air","","air","Jenkins_et_al_2007","Moller_etal_2004","Bowman_2003","max",0.0713649646461108,"db","db","db","2007","2003","2004"
"131","Parus_major",41.1001,0,10000,0.0197,"Aves","Passeriformes","Invertivore","air","air","","air","Jenkins_et_al_2007","Moller_etal_2004","Bowman_2003","max",0.0564189583547756,"db","db","db","2007","2003","2004"
"132","Pica_pica",44.3001,0,15000,0.189,"Aves","Passeriformes","Omnivore","air","air","","air","Jenkins_et_al_2007","Moller_etal_2004","Bowman_2003","max",0.0690988298942671,"db","db","db","2007","2003","2004"
"133","Streptopelia_decaocto",59.9001,0,106200,0.152,"Aves","Columbiformes","Omnivore","air","air","","air","Jenkins_et_al_2007","Moller_etal_2004","Eraud_etal_2011","max",0.183860028045028,"db","single","db","2007","2011","2004"
"134","Motacilla_cinerea",85.6001,3000,23000,0.018,"Aves","Passeriformes","Invertivore","air","air","air","air","Jenkins_et_al_2007","Moller_etal_2004","Klemp_2004","max",0.085563586777479,"db","single","db","2007","2004","2004"
"135","Emberiza_citrinella",36.0001,500,40000,0.0265,"Aves","Passeriformes","Herbivore","air","air","air","air","Jenkins_et_al_2007","Moller_etal_2004","Moller_1990","max",0.112837916709551,"db","single","db","2007","1990","2004"
"136","Alauda_arvensis",51.7001,1500,29000,0.0427,"Aves","Passeriformes","Omnivore","air","air","air","air","Jenkins_et_al_2007","Moller_etal_2004","Poulsen_etal_1998","max",0.0960780240186586,"db","single","db","2007","1998","2004"
"137","Columba_palumbus",150.0001,500,2540000,0.49,"Aves","Columbiformes","Omnivore","air","air","air","air","Jenkins_et_al_2007","Moller_etal_2004","Tamburello_etal_2015","max",0.89917023466462,"db","db","db","2007","2015","2004"
"138","Motacilla_alba",100.0001,2500,785000,0.02122,"Aves","Passeriformes","Invertivore","air","air","air","air","Jenkins_et_al_2007","Moller_etal_2004","Tamburello_etal_2015","max",0.499873244587341,"db","db","db","2007","2015","2004"
"139","Sitta_europaea",24.1001,0,21000,0.0183,"Aves","Passeriformes","Invertivore","air","air","","air","Jenkins_et_al_2007","Moller_etal_2004","Tamburello_etal_2015","max",0.0817588381146626,"db","db","db","2007","2015","2004"
"140","Carcharhinus_melanopterus",5.0001,50,5e+05,5.518,"Chondrichthyes","Carcharhiniformes","Carnivore","water","marine","marine","marine","Jenkins_et_al_2007","Mourier_Planes_2013","Mourier_Planes_2013","max",0.398942280401433,"db","single","single","2007","2013","2013"
"141","Meleagris_gallopavo",48.0001,0,14520000,6.023,"Aves","Galliformes","Omnivore","land","land","","land","Jenkins_et_al_2007","Fristoe_et_al_2017","Davis_etal_2018","max",2.14985105237285,"db","single","db","2007","2018","2017"
"142","Tympanuchus_cupido",10.8001,0,53200,0.908,"Aves","Galliformes","Herbivore","land","land","","land","Jenkins_et_al_2007","IUCN","Mace_Harvey_1983","max",0.130131033750515,"db","db","db","2007","1983","IUCN"
"143","Strix_aluco",35.3001,0,360000,0.519,"Aves","Strigiformes","Carnivore","air","air","","air","Jenkins_et_al_2007","Fristoe_et_al_2017","Makarieva_etal_2005","max",0.338513750128654,"db","db","db","2007","2005","2017"
"144","Aegolius_funereus",300.0001,0,1138000,0.119,"Aves","Strigiformes","Carnivore","air","air","","air","Jenkins_et_al_2007","Lofgren_et_al_1996","Santangeli_etal_2012","max",0.60186098932989,"db","single","single","2007","2012","1996"
"145","Poecile_atricapillus",11.2001,0,14568.7,0.011,"Aves","Passeriformes","Omnivore","air","air","","air","Jenkins_et_al_2007","IUCN","Schoener_1968","max",0.0680981735353144,"db","db","db","2007","1968","IUCN"
"146","Accipiter_nisus",166.0001,1100,10800000,0.807,"Aves","Accipitriformes","Carnivore","air","air","air","air","Jenkins_et_al_2007","http://birds.kz/v2taxon.php?l=en&s=85 + google earth","Selas_Rafoss_1999","max",1.85411616971131,"db","single","single","2007","1999","KZ Birds"
"147","Chelydra_serpentina",0.1831,0.5,65300,4.25,"Reptilia","Testudines","Carnivore","land","land","land","aquatic","Jenkins_et_al_2007","Obbard_1980","Tamburello_etal_2015","max",0.144172242709204,"db","db","single","2007","2015","1980"
"148","Athene_noctua",94.3001,0,280000,0.1565,"Aves","Strigiformes","Omnivore","air","air","","air","Jenkins_et_al_2007","Fristoe_et_al_2017","Makarieva_etal_2005","max",0.298541066072092,"db","db","db","2007","2005","2017"
"149","Tyto_alba",97.1001,0,1500000,0.285,"Aves","Strigiformes","Carnivore","air","air","","air","Jenkins_et_al_2007","Razafindratsima_etal_2018","Tamburello_etal_2015","max",0.690988298942671,"db","db","single","2007","2015","2018"
"150","Aphelocoma_coerulescens",1.8001,0,21000,0.0724,"Aves","Passeriformes","Omnivore","air","air","","air","Jenkins_et_al_2007","Fristoe_et_al_2017","Bowman_2003","max",0.0817588381146626,"db","db","db","2007","2003","2017"
"151","Linaria_cannabina",22.0001,2500,3140000,0.0155,"Aves","Passeriformes","Herbivore","air","air","air","air","Jenkins_et_al_2007","Roseler_2017","Tamburello_etal_2015","max",0.999746489174682,"db","db","single","2007","2015","2017"
"152","Pituophis_melanoleucus",0.3071,0,701000,1.004,"Reptilia","Squamata","Carnivore","land","land","","land","Jenkins_et_al_2007","Zappalorti_et_al_2015","Tamburello_etal_2015","max",0.472371919375863,"db","db","single","2007","2015","2015"
"153","Ambystoma_talpoideum",1.0001,0.155,4.45,0.00294,"Amphibia","Caudata","Invertivore","land","land","land","land_aquatic","Jenkins_et_al_2007","Semlitsch_1985","Semlitsch_1981","max",0.00119015923032083,"db","single","single","2007","1981","1985"
"154","Gloydius_shedaoensis",0.1001,0,2613.69,0.19681,"Reptilia","Squamata","Carnivore","land","land","","land","Jenkins_et_al_2007","shine_2002","Tamburello_etal_2015","max",0.0288437751762787,"db","db","single","2007","2015","2002"
"155","Buteo_buteo",72.4001,702,1450000,0.846,"Aves","Accipitriformes","Carnivore","air","air","air","air","Jenkins_et_al_2007","Strandberg_et_al_2008","Makarieva_etal_2005","max",0.679374223065975,"db","db","single","2007","2005","2008"
"156","Zootoca_vivipara",0.1001,0,920,0.0032,"Reptilia","Squamata","Invertivore","land","land","","land","Jenkins_et_al_2007","Strijbosch_1996","Perry_Garland_2002","max",0.0171127173554958,"db","db","single","2007","2002","1996"
"157","Delichon_urbicum",34.8001,5250,636000,0.02,"Aves","Passeriformes","Invertivore","air","air","air","air","Jenkins_et_al_2007","Szep et al. 2017","Bryant_Turner_1982","max",0.449938982099674,"db","single","single","2007","1982","2017"
"158","Scaphiopus_holbrookii",0.8251,0.1304,53420,0.02046,"Amphibia","Anura","Invertivore","land","land","land","land","Jenkins_et_al_2007","Timm_2014","Timm_etal_2014","max",0.130399824079399,"db","single","single","2007","2014","2014"
"159","Rana_sylvatica",2.5301,0.3,64.5,0.0144,"Amphibia","Anura","Invertivore","land","land","land","land","Jenkins_et_al_2007","Vasconcelos_Calhoun_2004","Bellis_1965","max",0.00453111329132858,"db","single","single","2007","1965","2004"
"160","Pelobates_fuscus",0.5001,0.0179,148.2,0.0216,"Amphibia","Anura","Invertivore","water","land","land","land","Jenkins_et_al_2007","Trochet_etal_2014","Eggert_2002","max",0.00686829856168453,"db","single","db","2007","2002","2014"
"161","Bombina_variegata",0.3129,0.19273,2330,0.00632,"Amphibia","Anura","Invertivore","water","land","land","land","Jenkins_et_al_2007","Trochet_etal_2014","Jacob_etal_2009","max",0.0272334726909411,"db","single","db","2007","2009","2014"
"162","Salamandra_salamandra",0.0301,0.0665,494,0.03523,"Amphibia","Caudata","Invertivore","land","land","land","land","Jenkins_et_al_2007","Trochet_etal_2014","Schulte_etal_2007","max",0.0125397401797163,"db","single","db","2007","2007","2014"
"163","Bufo_bufo",3.62112,0.015,50,0.07654,"Amphibia","Anura","Invertivore","land","land","land","land","Jenkins_et_al_2007","Trochet_etal_2014","Trochet_etal_2014_2014","max",0.00398942280401433,"db","db","db","2007","2014","2014"
"164","Hyla_arborea",12.6001,0.39,10,0.00604,"Amphibia","Anura","Invertivore","land","land","land","land","Jenkins_et_al_2007","Trochet_etal_2014","Trochet_etal_2014_2014","max",0.00178412411615277,"db","db","db","2007","2014","2014"
"165","Rana_arvalis",7.6001,0.0085,100,0.0108,"Amphibia","Anura","Invertivore","land","land","land","land","Jenkins_et_al_2007","Trochet_etal_2014","Trochet_etal_2014_2014","max",0.00564189583547756,"db","db","db","2007","2014","2014"
"166","Rana_dalmatina",0.3001,0.1942,90,0.02099,"Amphibia","Anura","Invertivore","land","land","land","land","Jenkins_et_al_2007","Trochet_etal_2014","Trochet_etal_2014_2014","max",0.00535237234845831,"db","db","db","2007","2014","2014"
"167","Rana_temporaria",0.4601,0.031,119.5,0.04224,"Amphibia","Anura","Invertivore","land","land","land","land_aquatic","Jenkins_et_al_2007","Trochet_etal_2014","Trochet_etal_2014_2014","max",0.00616749798532298,"db","db","db","2007","2014","2014"
"168","Hoplocephalus_bungaroides",0.9001,0.78,27379,0.04879,"Reptilia","Squamata","Carnivore","land","land","land","land","Jenkins_et_al_2007","Webb_1997","Tamburello_etal_2015","max",0.0933541984799077,"db","db","single","2007","2015","1997"
"169","Seiurus_aurocapilla",0.6181,3206.4,1,0.0189,"Aves","Passeriformes","Invertivore","air","air","air","air","Jenkins_et_al_2017","Horton_2018","Armstrong_1965","max",0.000564189583547756,"db","db","db","2017","1965","2018"
"170","Empidonax_virescens",0.8401,3457.7,18300,0.013,"Aves","Passeriformes","Invertivore","air","air","air","air","Jenkins_et_al_2017","Horton_2018","DeGraaf_Yamasaki_2001","max",0.0763221522047391,"db","single","db","2017","2001","2018"
"171","Grus_americana",16.6001,4000,4100000,6.9,"Aves","Gruiformes","Omnivore","","air","air","air_land","Johns_et_al_2005","Hein_Gillooly_2011","ADW","mean",1.14239683707263,"single","db","db","2005","ADW","2011"
"172","Bison_bison",125.6001,93,265778594.2,629.9992,"Mammalia","Artiodactyla","Herbivore","land","land","land","land","Jung_2017","Teitelbaum_2015","Tamburello_etal_2015","mean",9.19782333326151,"single","db","single","2017","2015","2015"
"173","Sturnella_magna",6.0001,359.4,30351.4,0.089,"Aves","Passeriformes","Invertivore","air","air","air","air","Kershner_etal_2004","Horton_2018","Schoener_1968","mean",0.0982911526004182,"single","db","db","2004","1968","2018"
"174","Vireo_bellii",4.0001,1537.3,11735.9,0.01,"Aves","Passeriformes","Invertivore","air","air","air","air","Kus_et_al_2020","Horton_2018","Schoener_1968","mean",0.0611199884920175,"single","db","db","2020","1968","2018"
"175","Geothlypis_trichas",1.7001,2156.4,5300,0.0098,"Aves","Passeriformes","Invertivore","air","air","air","air","Lehnen_Rodewald_2009","Horton_2018","Mace_Harvey_1983","mean",0.0410736216661508,"single","db","db","2009","1983","2018"
"176","Epidalea_calamita",0.0681,0.51066,1450,0.05022,"Amphibia","Anura","Invertivore","land","land","land","land","Leskovar_Sinsch_2005","Trochet_etal_2014","Trochet_etal_2014_2014","median",0.0214836992849578,"single","db","db","2005","2014","2014"
"177","Junco_hyemalis",1.0031,4000,8330,0.022,"Aves","Passeriformes","Herbivore","air","air","air","air","Liebgold_etal_2019","Hein_Gillooly_2011","Reichard_Ketterson_2012","mean",0.0514929252607674,"single","single","db","2019","2012","2011"
"178","Aegolius_acadicus",9.0001,467,1400000,0.085,"Aves","Strigiformes","Carnivore","air","air","air","air","Marks_et_al_2015","Priestley_etal_2010","Makarieva_etal_2005","single measure",0.667558117812455,"single","db","single","2015","2005","2010"
"179","Protonotaria_citrea",1.4201,2527,15000,0.0161,"Aves","Passeriformes","Invertivore","air","air","air","air","McKim-Louder_etal_2013","Horton_2018","Mace_Harvey_1983","median",0.0690988298942671,"single","db","db","2013","1983","2018"
"180","Calcarius_lapponicus",0.3986,6500,17600,0.0286,"Aves","Passeriformes","Herbivore","air","air","air","air","McLaughlin_Montgomerie_1985","Hein_Gillooly_2011","Mace_Harvey_1983","mean",0.0748482063701911,"single","db","db","1985","1983","2011"
"181","Haliaeetus_leucocephalus",69.2001,930,41330.89,3.997,"Aves","Accipitriformes","Carnivore","air","air","air","air","Millsap_etal_2014","Laing_Bird_2005","Armstrong_1965","median",0.114699742335259,"single","db","single","2014","1965","2005"
"182","Accipiter_striatus",367.4001,1500,1e+06,0.141,"Aves","Accipitriformes","Carnivore","air","air","air","air","Morrison_Baird_2016","Bildstein_etal_2020","Schoener_1968","mean",0.564189583547756,"single","db","single","2016","1968","2020"
"183","Tyrannus_tyrannus",0.2021,7071.6,70.3921,0.046,"Aves","Passeriformes","Invertivore","air","air","air","air","Murphy_1996","Horton_2018","Armstrong_1965","mean",0.00473355060596567,"single","db","db","1996","1965","2018"
"184","Aquila_chrysaetos",55.3001,2200,2.2e+07,1.6,"Aves","Accipitriformes","Carnivore","air","air","air","air","Murphy_etal_2019","Brodeur_etal_1996","Makarieva_etal_2005","mean of medians",2.64628371420061,"single","db","single","2019","2005","1996"
"185","Capreolus_pygargus",120.0001,500,1e+06,40,"Mammalia","Artiodactyla","Herbivore","land","land","land","land","Mysterud_1999","Hein_etal_2012","Pantheria","mean",0.564189583547756,"single","db","db","1999","2008","2012"
"186","Pecari_tajacu",0.2501,0,1350000,23.814,"Mammalia","Artiodactyla","Herbivore","land","land","","land","Oldenburg_et_al_1985","Bigler_1974","Harestad_ Bunnel_1979","mode",0.655529058355247,"single","db","single","1985","1979","1974"
"187","Equus_zebra",120.0001,100,9400000,240,"Mammalia","Perissodactyla","Herbivore","land","land","land","land","Olivier_2019","Hein_etal_2012","Penzhorn 1982","max? from map",1.7297725082009,"single","single","db","2019","1982","2012"
"188","Troglodytes_troglodytes",8.9001,1127.8,10117.1,0.0095,"Aves","Passeriformes","Invertivore","air","air","air","air","Paradis_1998 & Prugh_etal_2008","Horton_2018","Schoener_1968","mean",0.0567483299270563,"single","db","db","2008","1968","2018"
"189","Passer_montanus",8.0001,500,7600,0.022,"Aves","Passeriformes","Omnivore","air","air","air","air","Paradis_1998 & Prugh_etal_2008.","Moller_etal_2004","Guangmei_2003","mean",0.0491849075936594,"db","single","db","2008.","2003","2004"
"190","Passer_domesticus",4.0001,0,7762.5,0.029,"Aves","Passeriformes","Herbivore","air","air","","air","Paradis_1998 & Prugh_etal_2008.","Moller_etal_2004","Vangestel_etal_2010","mean",0.0497079519946424,"db","single","db","2008.","2010","2004"
"191","Lanius_collurio",0.2801,11000,15782.72,0.03,"Aves","Passeriformes","Carnivore","air","air","air","air","Pasinelli_et_al_2007","Hein_etal_2012","Tamburello_etal_2015","mean",0.0708787401614238,"single","db","db","2007","2015","2012"
"192","Arenaria_interpres",3.0001,5700,328900,0.14,"Aves","Charadriiformes","Carnivore","","air","air","air_land","Pearce-Higgins_2001","Hein_Gillooly_2011","Nettleship_1973","max",0.323561619426422,"single","single","db","2001","1973","2011"
"193","Charadrius_vociferus",1.6391,4348,42150,0.095,"Aves","Charadriiformes","Omnivore","","air","air","air_land","Powers_1997","LaSorte_etal_2013","Plissner_etal_2010","mean",0.115830745929769,"single","single","db","1997","2010","2013"
"194","Sitta_carolinensis",1.0001,0,376.36,0.0201,"Aves","Passeriformes","Omnivore","air","air","","air","Prugh_etal_2008","IUCN","Armstrong_1965","mean",0.0109452779208265,"db","db","db","2008","1965","IUCN"
"195","Tamiasciurus_douglasii",0.6001,0,11000,0.254,"Mammalia","Rodentia","Omnivore","land","land","","land","Prugh_etal_2008","Sullivan_Sullivan_1982","Harestad_ Bunnel_1979","max",0.059172702727032,"db","db","single","2008","1979","1982"
"196","Glaucomys_sabrinus",0.4301,0,79000.53,0.14884,"Mammalia","Rodentia","Herbivore","land","land","","land","Prugh_etal_2008","Smith_2007","Tamburello_etal_2015","mean",0.158576952022541,"db","db","single","2008","2015","2007"
"197","Tamias_striatus",0.2201,0,1100,0.085,"Mammalia","Rodentia","Omnivore","land","land","","land","Prugh_etal_2008","Levesque_Tattersall_2010","Harestad_ Bunnel_1979","mean",0.0187120515925478,"db","db","single","2008","1979","2010"
"198","Tamias_quadrivittatus",7.1901,0,67300,0.058,"Mammalia","Rodentia","Omnivore","land","land","","land","Prugh_etal_2008","Howell_1929","Swihart_etal_1988","max",0.146363435803376,"db","db","single","2008","1988","1929"
"199","Thomomys_talpoides",0.7901,0,200,0.14,"Mammalia","Rodentia","Herbivore","land","land","","land","Prugh_etal_2008","Beauvais_Dark-Smiley_2005","Harestad_ Bunnel_1979","max",0.00797884560802865,"db","db","single","2008","1979","2005"
"200","Parkesia_motacilla",4.0001,2540,20000,0.02,"Aves","Passeriformes","Invertivore","air","air","air","air_land","Prugh_etal_2008","LaSorte_etal_2013","Bowman_2003","max",0.0797884560802865,"db","db","db","2008","2003","2013"
"201","Tamias_minimus",3.0201,0,21000,0.045,"Mammalia","Rodentia","Omnivore","land","land","land","land","Prugh_etal_2008","Verts_Carraway_2001","Swihart_etal_1988","max",0.0817588381146626,"db","db","single","2008","1988","2001"
"202","Blarina_brevicauda",7.7101,0,3520.765,0.018,"Mammalia","Eulipotyphla","Omnivore","land","land","land","land","Prugh_etal_2008","Buchler_Wasilewski_1985","McNab_1963","max",0.0334767726405918,"db","db","single","2008","1963","1985"
"203","Ursus_arctos",36.6001,0,53100000,204.12,"Mammalia","Carnivora","Omnivore","land","land","","land","Prugh_etal_2008","Eriksen_etal_2018","Gittleman_Harvey_1982","mean",4.11123521053701,"db","db","single","2008","1982","2018"
"204","Sylvilagus_palustris",0.5601,0,39600.44,1.34999,"Mammalia","Lagomorpha","Herbivore","land","land","","land_aquatic","Prugh_etal_2008","Chapman_Willner_1981","Tamburello_etal_2015","mean",0.112272933288607,"db","db","single","2008","2015","1981"
"205","Didelphis_marsupialis",4.3001,0,598800,2.724,"Mammalia","Didelphimorphia","Omnivore","land","land","","","Prugh_etal_2008","Caceres_2003","Harestad_ Bunnel_1979","max",0.436582134136125,"db","db","single","2008","1979","2003"
"206","Microtus_pinetorum",1.5501,0,5800,0.023,"Mammalia","Rodentia","Herbivore","land","land","","land","Prugh_etal_2008","COSEWIC_2010","Mace_Harvey_1983","max",0.0429673985699156,"db","db","single","2008","1983","2010"
"207","Glaucomys_volans",0.4301,0,16187.4,0.0645,"Mammalia","Rodentia","Herbivore","land","land","","land","Prugh_etal_2008","ADW","McNab_1963","mean",0.0717816790804694,"db","db","db","2008","1963","ADW"
"208","Lontra_canadensis",200.0001,0,9430000,6.225,"Mammalia","Carnivora","Carnivore","","land_aquatic_marine","","land_aquatic_marine","Prugh_etal_2008","Eccles_etal_2020","Helon_2006","max",1.73253058464004,"db","single","db","2008","2006","2020"
"209","Sciurus_aberti",10.1301,0,130888.05,0.7938,"Mammalia","Rodentia","Herbivore","land","land","","land","Prugh_etal_2008","Farentinos_1979","Tamburello_etal_2015","max",0.204115066318776,"db","db","single","2008","2015","1979"
"210","Mustela_frenata",23.5101,0,1112900,0.165,"Mammalia","Carnivora","Carnivore","land","land","","land","Prugh_etal_2008","Gonzales_1997","Harestad_ Bunnel_1979","max",0.595186586150881,"db","db","db","2008","1979","1997"
"211","Scalopus_aquaticus",6.0501,0,7428.65,0.1035,"Mammalia","Eulipotyphla","Carnivore","land","land","","land","Prugh_etal_2008","Harvey_1976","Tamburello_etal_2015","max",0.0486272838640944,"db","db","single","2008","2015","1976"
"212","Phylloscopus_trochilus",20.8001,15000,2800,0.0087,"Aves","Passeriformes","Invertivore","air","air","air","air","Prugh_etal_2008","Hein_etal_2012","Calder_1990","mean",0.0298541066072092,"db","single","db","2008","1990","2012"
"213","Sturnus_vulgaris",9.5001,1000,777000,0.082,"Aves","Passeriformes","Omnivore","air","air","air","air","Prugh_etal_2008","Hein_etal_2012","Minderman_2010","mean",0.497319597004588,"db","single","db","2008","2010","2012"
"214","Ovis_canadensis",12.2801,40,27544823.89,90.71936,"Mammalia","Artiodactyla","Herbivore","land","land","land","land","Prugh_etal_2008","Hein_Gillooly_2011","Tamburello_etal_2015","max",2.96104538252599,"db","db","db","2008","2015","2011"
"215","Colaptes_auratus",191.0001,1448.7,250000,0.132,"Aves","Piciformes","Invertivore","air","air","air","air","Prugh_etal_2008","Horton_2018","Elchuk_Wiebe_2003","mean",0.282094791773878,"db","single","db","2008","2003","2018"
"216","Melanerpes_erythrocephalus",0.5801,505,20100,0.072,"Aves","Piciformes","Invertivore","air","air","air","air","Prugh_etal_2008","Horton_2018","Kilgo_Vukovich_2014","mean",0.0799876785029681,"db","single","db","2008","2014","2018"
"217","Passerina_cyanea",470.0001,2317.6,1100,0.0143,"Aves","Passeriformes","Herbivore","air","air","air","air","Prugh_etal_2008","Horton_2018","Mace_Harvey_1983","max",0.0187120515925478,"db","db","db","2008","1983","2018"
"218","Setophaga_ruticilla",0.2501,3997.3,1900,0.009,"Aves","Passeriformes","Invertivore","air","air","air","air","Prugh_etal_2008","Horton_2018","Mace_Harvey_1983","mean",0.0245924537968297,"db","db","db","2008","1983","2018"
"219","Sialia_sialis",160.0001,836,10100,0.0308,"Aves","Passeriformes","Invertivore","air","air","air","air","Prugh_etal_2008","Horton_2018","Mace_Harvey_1983","mean",0.0567003514138694,"db","db","db","2008","1983","2018"
"220","Mustela_nivalis",6.6401,0,67500,0.0881,"Mammalia","Carnivora","Carnivore","land","land","","land","Prugh_etal_2008","IUCN","Lindstedt_etal_1986","max",0.146580753570876,"db","db","db","2008","1986","IUCN"
"221","Falco_sparverius",4.9301,6000,31201.6896,0.114,"Aves","Falconiformes","Carnivore","air","air","air","air","Prugh_etal_2008","Hein_Gillooly_2011","Armstrong_1965","mean",0.0996584480378757,"db","db","db","2008","1965","2011"
"222","Anas_platyrhynchos",19.9001,676,2250000,1.082,"Aves","Anseriformes","Herbivore","","air","air","air_aquatic","Prugh_etal_2008","Soderquist_etal_2013","Gilmer_etal_1975","mean",0.846284375321634,"db","single","single","2008","1975","2013"
"223","Thryomanes_bewickii",0.7301,200,4800,0.011,"Aves","Passeriformes","Carnivore","air","air","air","air","Prugh_etal_2008","Sibley_2014","Mace_Harvey_1983","mean",0.0390882009522336,"db","db","single","2008","1983","2014"
"224","Molothrus_ater",10.4301,2000,164670000,0.044,"Aves","Passeriformes","Carnivore","air","air","air","air","Prugh_etal_2008","Hein_Gillooly_2011","Goguen_etal_2005","mean",7.2398956455107,"db","single","db","2008","2005","2011"
"225","Agelaius_phoeniceus",32.1001,2500,9310,0.053,"Aves","Passeriformes","Herbivore","air","air","air","air","Prugh_etal_2008","Hein_Gillooly_2011","Odum_Keuntzler_1955","mean",0.0544377170753063,"db","single","db","2008","1955","2011"
"226","Turdus_merula",4.0001,0,7284.34,0.092,"Aves","Passeriformes","Omnivore","air","air","","air","Prugh_etal_2008","Moller_etal_2004","Schoener_1968","mean",0.0481526472410815,"db","db","db","2008","1968","2004"
"227","Zapus_hudsonius",4.8301,0,5300,0.022,"Mammalia","Rodentia","Omnivore","land","land","","land","Prugh_etal_2008","Montana FWP","Mace_Harvey_1983","max",0.0410736216661508,"db","db","db","2008","1983","mt.gov"
"228","Microtus_montanus",1.7501,0,151.6,0.0567,"Mammalia","Rodentia","Herbivore","land","land","","land","Prugh_etal_2008","Montana FWP","Tamburello_etal_2015","max",0.00694663794547137,"db","db","db","2008","2015","mt.gov"
"229","Sorex_cinereus",5.0901,0,5011.87,0.00417,"Mammalia","Eulipotyphla","Carnivore","land","land","","land","Prugh_etal_2008","Montana FWP","Tamburello_etal_2015","max",0.0399415544172727,"db","db","db","2008","2015","mt.gov"
"230","Myodes_gapperi",0.2201,0,2500,0.016,"Mammalia","Rodentia","Omnivore","land","land","","land","Prugh_etal_2008","AWD","Harestad_ Bunnel_1979","mean",0.0282094791773878,"db","db","db","2008","1979","ADW"
"231","Genetta_genetta",50.0001,0,7809981.41,1.75001,"Mammalia","Carnivora","Carnivore","land","land","","land","Prugh_etal_2008","Munuera_Llobet_2004","Tamburello_etal_2015","max",1.57670361631938,"db","db","single","2008","2015","2004"
"232","Lemmus_sibiricus",0.2501,5.4,18080,0.09214,"Mammalia","Rodentia","Herbivore","land","land","land","land","Rodgers_1990","Hein_etal_2012","Rodgers_Lewis_1986","max",0.0758619980108811,"single","single","db","1990","1986","2012"
"233","Coracias_garrulus",0.6086,10000,1e+06,0.103,"Aves","Coraciiformes","Invertivore","air","air","air","air","Rodriguez_Ruiz_et_al_2020","Hein_etal_2012","Tamburello_etal_2015","mean",0.564189583547756,"single","db","db","2020","2015","2012"
"234","Calidris_mauri",0.0876,3200,706.8,0.047,"Aves","Charadriiformes","Carnivore","","air","air","air_land","Sandercock_etal_2000","Hein_Gillooly_2011","Holmes_1973","mean of medians",0.0149993809057142,"single","single","db","2000","1973","2011"
"235","Acinonyx_jubatus",20.0001,40,1.61e+08,50,"Mammalia","Carnivora","Carnivore","land","land","land","land","Santini_2013","Hein_etal_2012","Broomhall_etal_2003","max",7.15876327835963,"db","single","db","2013","2003","2012"
"236","Peromyscus_leucopus",0.1841,15,590,0.021,"Mammalia","Rodentia","Omnivore","land","land","land","land","Santini_2013","Hein_etal_2012","Wolff_1985","mean",0.0137041173684567,"db","single","db","2013","1985","2012"
"237","Alces_alces",118.0001,200,93825308.27,307.22744,"Mammalia","Artiodactyla","Herbivore","land","land","land","land","Santini_2013","Hein_etal_2012","Tamburello_etal_2015","max",5.46493579070997,"db","db","db","2013","2015","2012"
"238","Antilocapra_americana",54.2101,260,10125348.97,46.0999,"Mammalia","Artiodactyla","Herbivore","land","land","land","land","Santini_2013","Hein_etal_2012","Tamburello_etal_2015","mean",1.79527119907045,"db","db","db","2013","2015","2012"
"239","Capreolus_capreolus",2.1201,84,674636.76,24.05027,"Mammalia","Artiodactyla","Herbivore","land","land","land","land","Santini_2013","Hein_etal_2012","Tamburello_etal_2015","mean",0.463404305429936,"db","db","db","2013","2015","2012"
"240","Cervus_elaphus",20.0001,24.95,74865201.87,234.75778,"Mammalia","Artiodactyla","Herbivore","land","land","land","land","Santini_2013","Meisingset_etal_2018","Tamburello_etal_2015","max",4.88163229733316,"db","db","single","2013","2015","2018"
"241","Dipodomys_merriami",0.0501,0,7374.8,0.04182,"Mammalia","Rodentia","Herbivore","land","land","","land","Santini_2013","Thibault_2004","Tamburello_etal_2015","mean",0.0484507146348557,"db","db","db","2013","2015","2004"
"242","Dipodomys_spectabilis",0.8601,0,3008.5,0.14458,"Mammalia","Rodentia","Herbivore","land","land","","land","Santini_2013","Thibault_2004","Tamburello_etal_2015","max",0.0309456829393687,"db","db","db","2013","2015","2004"
"243","Dipodomys_stephensi",0.0371,0,1480.44,0.0762,"Mammalia","Rodentia","Herbivore","land","land","","land","Santini_2013","IUCN","Tamburello_etal_2015","mean",0.0217080327966845,"db","db","db","2013","2015","IUCN"
"244","Gulo_gulo",55.0001,0,361917847.3,21.54567,"Mammalia","Carnivora","Carnivore","land","land","","land","Santini_2013","Beauvais_Johnson_2004","Tamburello_etal_2015","mean",10.7332208018817,"db","db","single","2013","2015","2004"
"245","Helogale_parvula",0.5001,0,281838.29,0.28184,"Mammalia","Carnivora","Carnivore","land","land","","land","Santini_2013","Rood_1990","Tamburello_etal_2015","median",0.299519471841372,"db","db","single","2013","2015","1990"
"246","Lepus_americanus",7.1771,0,32716.74,1.36079,"Mammalia","Lagomorpha","Herbivore","land","land","","land","Santini_2013","Ofarrell_1965","Tamburello_etal_2015","mean",0.102049310559673,"db","db","single","2013","2015","1965"
"247","Lepus_californicus",45.0611,35,1592758.75,2.26798,"Mammalia","Lagomorpha","Herbivore","land","land","land","land","Santini_2013","Hein_etal_2012","Tamburello_etal_2015","max",0.71203290403656,"db","db","db","2013","2015","2012"
"248","Lepus_europaeus",2.0571,0,286615.72,5.25001,"Mammalia","Lagomorpha","Herbivore","land","land","","land","Santini_2013","Kunst_etal_2001","Tamburello_etal_2015","median",0.302047375773545,"db","db","single","2013","2015","2001"
"249","Lepus_timidus",3.0001,10,453241.85,2.82501,"Mammalia","Lagomorpha","Herbivore","land","land","","land","Santini_2013","Hein_etal_2012","Tamburello_etal_2015","median",0.379830701348944,"db","db","db","2013","2015","2012"
"250","Lynx_canadensis",88.0001,0,82748475.24,10.20587,"Mammalia","Carnivora","Carnivore","land","land","","land","Santini_2013","IUCN","Tamburello_etal_2015","median",5.13221762355481,"db","db","db","2013","2015","IUCN"
"251","Lynx_lynx",39.6001,0,181042275.7,29.99991,"Mammalia","Carnivora","Carnivore","land","land","","land","Santini_2013","Sunde_et_al_2000","Tamburello_etal_2015","mean",7.59128093094449,"db","db","single","2013","2015","2000"
"252","Lynx_rufus",58.7101,0,39877690.65,11.33992,"Mammalia","Carnivora","Carnivore","land","land","","land","Santini_2013","Chamberlain_2003","Tamburello_etal_2015","mean",3.56278867912116,"db","db","single","2013","2015","2003"
"253","Macropus_fuliginosus",85.0001,0,3236532.71,22.12483,"Mammalia","Diprotodontia","Herbivore","land","land","","land","Santini_2013","ADW","Tamburello_etal_2015","max",1.01499771356896,"db","db","db","2013","2015","ADW"
"254","Marmota_flaviventris",0.9501,0,56963.94,3.40197,"Mammalia","Rodentia","Herbivore","land","land","","land","Santini_2013","Armit_2009","Tamburello_etal_2015","mean of medians",0.134655802912389,"db","db","single","2013","2015","2009"
"255","Marmota_monax",0.7681,0,165390.29,3.40197,"Mammalia","Rodentia","Herbivore","land","land","","land","Santini_2013","Zervanos_2010","Tamburello_etal_2015","mean",0.229445776569986,"db","db","single","2013","2015","2010"
"256","Martes_americana",8.1371,0,7066103.59,0.88349,"Mammalia","Carnivora","Carnivore","land","land","","land","Santini_2013","http://www.sibr.com/mammals/M154.html","Tamburello_etal_2015","mean",1.49973685341655,"db","db","single","2013","2015","1999"
"257","Martes_pennanti",24.2301,0,16755600.61,3.17519,"Mammalia","Carnivora","Carnivore","land","land","","land","Santini_2013","Ahlborn_2005","Tamburello_etal_2015","mean",2.30943138523537,"db","db","single","2013","2015","2005"
"258","Microtus_agrestis",0.0486,0,700.42,0.038,"Mammalia","Rodentia","Herbivore","land","land","","land","Santini_2013","Erlinge_1990","Tamburello_etal_2015","mean of medians",0.0149315307480797,"db","db","single","2013","2015","1990"
"259","Microtus_ochrogaster",0.0206,0,674.47,0.03544,"Mammalia","Rodentia","Herbivore","land","land","","land","Santini_2013","Getz_2005","Tamburello_etal_2015","max",0.0146523195752202,"db","db","single","2013","2015","2005"
"260","Microtus_pennsylvanicus",1.2001,0,411.74,0.04961,"Mammalia","Rodentia","Herbivore","land","land","","land","Santini_2013","Webster_1981","Tamburello_etal_2015","max",0.0114481838095531,"db","db","single","2013","2015","1981"
"261","Neotoma_cinerea",2.2001,0,47616.78,0.39548,"Mammalia","Rodentia","Herbivore","land","land","","land","Santini_2013","ADW","Tamburello_etal_2015","mean",0.12311332918185,"db","db","db","2013","2015","ADW"
"262","Ochotona_princeps",0.0901,0,1866.34,0.1465,"Mammalia","Lagomorpha","Herbivore","land","land","","land","Santini_2013","Huntly_1986","Tamburello_etal_2015","mean",0.024373642997719,"db","db","single","2013","2015","1986"
"263","Odocoileus_hemionus",6.7501,160,35072764.57,53.86417,"Mammalia","Artiodactyla","Herbivore","land","land","land","land","Santini_2013","Hein_Gillooly_2011","Tamburello_etal_2015","mean",3.34125840042754,"db","db","db","2013","2015","2011"
"264","Odocoileus_virginianus",11.6901,52,2488341.6,87.88404,"Mammalia","Artiodactyla","Herbivore","land","land","land","land","Santini_2013","Hein_Gillooly_2011","Tamburello_etal_2015","mean",0.889979624195066,"db","db","db","2013","2015","2011"
"265","Oryctolagus_cuniculus",0.5351,0,62999.92,1.6,"Mammalia","Lagomorpha","Herbivore","land","land","","land","Santini_2013","Kolb_1991","Tamburello_etal_2015","mean",0.141610371670962,"db","db","single","2013","2015","1991"
"266","Otospermophilus_beecheyi",1.8801,0,518.84,0.72575,"Mammalia","Rodentia","Omnivore","land","land","","land","Santini_2013","ADW","Tamburello_etal_2015","max",0.0128511439703864,"db","db","db","2013","2015","ADW"
"267","Puma_concolor",88.3201,50,312003883.7,89.99948,"Mammalia","Carnivora","Carnivore","land","land","land","land","Santini_2013","Hein_Gillooly_2011","Tamburello_etal_2015","mean",9.9656369946656,"db","db","db","2013","2015","2011"
"268","Sciurus_carolinensis",100.0001,0,4900.04,0.625,"Mammalia","Rodentia","Herbivore","land","land","","land","Santini_2013","Thompson_1977","Tamburello_etal_2015","max",0.0394934320450378,"db","db","single","2013","2015","1977"
"269","Sciurus_niger",0.6001,0,128265.54,0.95299,"Mammalia","Rodentia","Herbivore","land","land","","land","Santini_2013","Wassmer_Refinetti_2016","Tamburello_etal_2015","median",0.202059865977147,"db","db","single","2013","2015","2016"
"270","Sciurus_vulgaris",0.7051,0,74908.31,0.3275,"Mammalia","Rodentia","Herbivore","land","land","","land","Santini_2013","Longru_etal_2010","Tamburello_etal_2015","mean",0.154415205308027,"db","db","single","2013","2015","2010"
"271","Tamiasciurus_hudsonicus",0.0901,0,4753.35,0.22396,"Mammalia","Rodentia","Herbivore","land","land","","land","Santini_2013","Layne_1954","Tamburello_etal_2015","mean",0.0388977929642765,"db","db","single","2013","2015","1954"
"272","Taxidea_taxus",22.8201,0,3808816.06,8.61827,"Mammalia","Carnivora","Carnivore","land","land","","land","Santini_2013","Gonzales_1997","Tamburello_etal_2015","mean",1.10108301528704,"db","db","db","2013","2015","1997"
"273","Trichosurus_vulpecula",5.4001,0,50134.88,2.87501,"Mammalia","Diprotodontia","Herbivore","land","land","","land","Santini_2013","Green_1986","Tamburello_etal_2015","mean",0.126326671556873,"db","db","single","2013","2015","1986"
"274","Urocitellus_columbianus",1.9001,0,535.5,0.57834,"Mammalia","Rodentia","Herbivore","land","land","","land","Santini_2013","Dobson_2016","Tamburello_etal_2015","mean of medians",0.0130558394617665,"db","db","single","2013","2015","2016"
"275","Vulpes_velox",19.2001,0,5495408.74,2.0893,"Mammalia","Carnivora","Carnivore","land","land","","land","Santini_2013","Butler_2019","Tamburello_etal_2015","median",1.32258947922733,"db","db","single","2013","2015","2019"
"276","Tachycineta_bicolor",0.1291,5500,1370000,0.02,"Aves","Passeriformes","Invertivore","air","air","air","air","Shutler_Clark_2003","Hein_Gillooly_2011","Stapleton_Robertson_2006","median",0.660366976818037,"single","single","db","2003","2006","2011"
"277","Panthera_tigris",101.3001,0,69690000,161,"Mammalia","Carnivora","Carnivore","land","land","","land","Singh_etal_2013","Sunquist_1979","Kroshko_etal_2016","mean",4.70988492090288,"single","db","single","2013","2016","1979"
"278","Charadrius_montanus",3.5001,1165.3,566000,0.0957,"Aves","Charadriiformes","Invertivore","","air","air","land_air","Skrade_Dinsmore_2010","Horton_2018","Plumb_et_al_2005","mean",0.424456588569462,"single","single","db","2010","2005","2018"
"279","Calidris_alpina",2.5001,4800,15300000,0.052,"Aves","Charadriiformes","Carnivore","","air","air","air_land","Soikkeli_1970","Wennerberg_2001","Choi_etal_2014","mean",2.20683965403289,"single","single","single","1970","2014","2001"
"280","Falco_mexicanus",2.5001,0,2.6e+07,0.801,"Aves","Falconiformes","Carnivore","air","air","","air","Steenhof_et_al_2005","IUCN","Makarieva_etal_2005","mean",2.8768136958758,"single","db","db","2005","2005","IUCN"
"281","Poecile_palustris",1.7701,0,22662.4,0.011,"Aves","Passeriformes","Invertivore","air","air","","air","Sutherland_etal_2000","IUCN","Schoener_1968","mean",0.0849333030362739,"single","db","db","2000","1968","IUCN"
"282","Columba_livia",3.0001,0,16400,0.393,"Aves","Columbiformes","Herbivore","air","air","","air","Tang_etal_2018","Moller_etal_2004","Sol_Senar_1995","mean",0.0722515199384357,"single","single","db","2018","1995","2004"
"283","Dumetella_carolinensis",15.0001,2308.1,1260000,0.0359,"Aves","Passeriformes","Invertivore","air","air","air","air","Tittler_etal_2009","Horton_2018","Ladin_etal_2018","median",0.633301236846713,"db","db","db","2009","2018","2018"
"284","Hylocichla_mustelina",70.0001,2822.3,1770000,0.051,"Aves","Passeriformes","Invertivore","air","air","air","air","Tittler_etal_2009","Horton_2018","Ladin_etal_2018","median",0.750605421340207,"db","db","db","2009","2018","2018"
"285","Icteria_virens",40.0001,2466.4,1300,0.027,"Aves","Passeriformes","Invertivore","air","air","air","air","Tittler_etal_2009","Horton_2018","Mace_Harvey_1983","median",0.0203421447256411,"db","db","db","2009","1983","2018"
"286","Melospiza_melodia",45.0001,753.4,1600,0.0216,"Aves","Passeriformes","Omnivore","air","air","air","air","Tittler_etal_2009","Horton_2018","Mace_Harvey_1983","median",0.0225675833419103,"db","db","db","2009","1983","2018"
"287","Passerina_caerulea",25.0001,1497.6,61900,0.0279,"Aves","Passeriformes","Invertivore","air","air","air","air","Tittler_etal_2009","Horton_2018","Mace_Harvey_1983","median",0.140368735674211,"db","db","db","2009","1983","2018"
"288","Pipilo_erythrophthalmus",15.0001,569.8,73100,0.041,"Aves","Passeriformes","Herbivore","air","air","air","air","Tittler_etal_2009","Horton_2018","Martin_2016","median",0.15254000354017,"db","single","db","2009","2016","2018"
"289","Setophaga_pensylvanica",35.0001,3458.6,6070.28,0.0096,"Aves","Passeriformes","Invertivore","air","air","air","air","Tittler_etal_2009","Horton_2018","Schoener_1968","median",0.0439571397602681,"db","db","db","2009","1968","2018"
"290","Spizella_passerina",40.0001,1839.1,30756.1,0.0142,"Aves","Passeriformes","Omnivore","air","air","air","air","Tittler_etal_2009","Horton_2018","Schoener_1968","median",0.0989442807364695,"db","db","db","2009","1968","2018"
"291","Troglodytes_aedon",75.0001,1142,4046.86,0.0112,"Aves","Passeriformes","Invertivore","air","air","air","air","Tittler_etal_2009","Horton_2018","Schoener_1968","median",0.0358908838843756,"db","db","db","2009","1968","2018"
"292","Vireo_griseus",55.0001,1122.6,1335.463,0.0114,"Aves","Passeriformes","Invertivore","air","air","air","air","Tittler_etal_2009","Horton_2018","Schoener_1968","median",0.0206177369158854,"db","db","db","2009","1968","2018"
"293","Mimus_polyglottos",45.0001,0,4000,0.0501,"Aves","Passeriformes","Omnivore","air","air","","air","Tittler_etal_2009","ICUN","Mace_Harvey_1983","median",0.0356824823230554,"db","db","single","2009","1983","ICUN"
"294","Hirundo_rustica",65.0001,12000,785000,0.019,"Aves","Passeriformes","Carnivore","air","air","air","air","Tittler_etal_2009","Hein_Gillooly_2011","Moller_1987","median",0.499873244587341,"db","single","db","2009","1987","2011"
"295","Piranga_olivacea",25.0001,5004,67000,0.029,"Aves","Passeriformes","Invertivore","air","air","air","air","Tittler_etal_2009","LaSorte_etal_2013","Rivera_etal_2003","median",0.146036852795156,"db","single","db","2009","2003","2013"
"296","Vireo_olivaceus",95.0001,5083,7284.33,0.0176,"Aves","Passeriformes","Invertivore","air","air","air","air","Tittler_etal_2009","LaSorte_etal_2013","Tamburello_etal_2015","median",0.0481526141889012,"db","db","db","2009","2015","2013"
"297","Corvus_brachyrhynchos",85.0001,912,6400000,0.448,"Aves","Passeriformes","Omnivore","air","air","air","air","Tittler_etal_2009","Verbeek_Caffrey_2020","Yaremych_etal_2004","median",1.42729929292222,"db","single","single","2009","2004","2020"
"298","Rangifer_tarandus",39.0001,1200,3550830977,102.05869,"Mammalia","Artiodactyla","Herbivore","land","land","land","land","vanOort_etal_2005","Hein_Gillooly_2011","Tamburello_etal_2015","max",33.6194081468837,"single","db","db","2005","2015","2011"
"299","Bombina_bombina",1.0001,0.17,60,0.00307,"Amphibia","Anura","Invertivore","water","land","land","land_aquatic","Vines_2002","Trochet_etal_2014","Trochet_etal_2014_2014","mean",0.00437019372236832,"single","db","db","2002","2014","2014"
"300","Buteo_regalis",592.0001,2376,1.2e+07,1.776,"Aves","Accipitriformes","Carnivore","air","air","air","air","Watson_etal_2019","Watson_etal_2018","Makarieva_etal_2005","mean",1.95441004761168,"single","db","single","2019","2005","2018"
"301","Ictidomys_tridecemlineatus",0.2287,0,6600,0.193,"Mammalia","Rodentia","Omnivore","land","land","","land","Whitmee_Orme_2013","Streubel_Fitzgerald_1978","Harestad_ Bunnel_1979","mean",0.0458349784423754,"db","db","single","2013","1979","1978"
"302","Vulpes_rueppellii",32.0001,0,30399749.15,3.24997,"Mammalia","Carnivora","Carnivore","land","land","","land","Whitmee_Orme_2013","Lindsay_Macdonald_1986","Tamburello_etal_2015","mean",3.11071385568526,"db","db","single","2013","2015","1986"
"303","Hylobates_lar",0.6201,0,386666.667,5.64,"Mammalia","Primates","Omnivore","land","land","","land","Whitmee_Orme_2013","Bartlett_2009","Galan-Acedo_etal_2019","mean",0.350827340388168,"db","db","single","2013","2019","2009"
"304","Panthera_pardus",9.8301,0,21080000,52.4,"Mammalia","Carnivora","Carnivore","land","land","","land","Whitmee_Orme_2013","Rozhonov_2015","Kroshko_etal_2016","mean",2.59036144210693,"db","db","single","2013","2016","2015"
"305","Didelphis_virginiana",4.7261,0,109062.78,3.63,"Mammalia","Didelphimorphia","Omnivore","land","land","","land","Whitmee_Orme_2013","Sunquist_Eisenberg_1993","McNab_1963","max",0.186321660277832,"db","db","single","2013","1963","1993"
"306","Cynomys_ludovicianus",2.3551,0,13300,1.1,"Mammalia","Rodentia","Herbivore","land","land","","land","Whitmee_Orme_2013","ADW","Swihart_etal_1988","mean",0.0650655168752575,"db","db","db","2013","1988","ADW"
"307","Lycaon_pictus",29.8501,0,1.75e+09,22,"Mammalia","Carnivora","Carnivore","land","land","","land","Whitmee_Orme_2013","Creel_Creel_1998","Gittleman_Harvey_1982","mean of medians",23.6017435970657,"db","db","single","2013","1982","1998"
"308","Aepyceros_melampus",1.2001,24.14,9e+05,63.50384,"Mammalia","Artiodactyla","Herbivore","land","land","land","land","Whitmee_Orme_2013","Dasmann_Mossman_1962","Murray_1982","mean",0.535237234845831,"db","single","single","2013","1982","1962"
"309","Vulpes_vulpes",18.1688778,65,11663333.33,4.1,"Mammalia","Carnivora","Omnivore","land","land","land","land","Whitmee_Orme_2013","Hein_etal_2012","Lindstedt_etal_1986","mean",1.92679897882366,"db","db","db","2013","1986","2012"
"310","Ursus_americanus",25.6776,140,22850000,100,"Mammalia","Carnivora","Omnivore","land","land","land","land","Whitmee_Orme_2013","Hein_etal_2012","Swihart_etal_1988","mean",2.69692063274017,"db","db","db","2013","1988","2012"
"311","Panthera_leo",12.3001,0,2.4e+08,155.8,"Mammalia","Carnivora","Carnivore","land","land","","land","Whitmee_Orme_2013","Kittle_2016","Gittleman_Harvey_1982","mean",8.74038744473663,"db","db","single","2013","1982","2016"
"312","Leopardus_pardalis",9.9001,0,16100000,9.98964,"Mammalia","Carnivora","Carnivore","land","land","","land","Whitmee_Orme_2013","IUCN","Gonzalez-Borrajo_etal_2017","mean",2.26379971895904,"db","single","db","2013","2017","IUCN"
"313","Caracal_caracal",90.0001,0,275760000,12.9999,"Mammalia","Carnivora","Carnivore","land","land","","land","Whitmee_Orme_2013","IUCN","Kroshko_etal_2016","max",9.36894520285193,"db","db","db","2013","2016","IUCN"
"314","Antechinus_stuartii",1.5001,0,35000.16,0.0275,"Mammalia","Dasyuromorphia","Carnivore","land","land","","land","Whitmee_Orme_2013","Lazenby-Cohen and Cockburn 1991","Tamburello_etal_2015","max",0.105550447398457,"db","db","single","2013","2015","1991"
"315","Brachylagus_idahoensis",1.9501,0,4858.81,0.3402,"Mammalia","Lagomorpha","Herbivore","land","land","","air","Whitmee_Orme_2013","Montana field guide","Tamburello_etal_2015","mean of medians",0.0393269279004687,"db","db","db","2013","2015","mt.gov"
"316","Alouatta_palliata",1.3001,0,404500,6.12,"Mammalia","Primates","Herbivore","land","land","","land","Whitmee_Orme_2013","IUCN","Galan-Acedo_etal_2019","mean",0.358826349313067,"db","db","db","2013","2019","IUCN"
"317","Neotoma_micropus",0.0614,0,580.55,0.25515,"Mammalia","Rodentia","Herbivore","land","land","","land","Whitmee_Orme_2013","Post_etal_2006","Tamburello_etal_2015","mean",0.0135939252765344,"db","db","single","2013","2015","2006"
"318","Chlorocebus_aethiops",0.5001,0,543040,4.65,"Mammalia","Primates","Omnivore","land","land","","land","Whitmee_Orme_2013","Renevey_et_al_2014","Galan-Acedo_etal_2019","max",0.415758343985116,"db","db","single","2013","2019","2014"
"319","Microcebus_murinus",0.1571,0,19166.6667,0.06,"Mammalia","Primates","Invertivore","land","land","","land","Whitmee_Orme_2013","Vuarin_2015","Galan-Acedo_etal_2019","mean of medians",0.0781085110330472,"db","db","single","2013","2019","2015"
"320","Aplodontia_rufa",0.1526,0,1800,1.135,"Mammalia","Rodentia","Herbivore","land","land","","land","Whitmee_Orme_2013, Prugh_etal_2008","IUCN","Mace_Harvey_1983","mean",0.023936536824086,"single","db","db","2008","1983","IUCN"
