"","scientific_name.x","dispersal_km","Migration_km","mean.hra.m2","Mass_kg","class","order","diet_broadest_cat","media_simplified","media_dispersal","media_migration","media_foraging","hr.radius"
"1","Scapanus_townsendii",0.8561,0,1000,0.142,"Mammalia","Eulipotyphla","Invertivore","land","land","","land",0.0178412411615277
"2","Sitta_carolinensis",1.0001,0,376.36,0.0201,"Aves","Passeriformes","Omnivore","air","air","","air",0.0109452779208265
"3","Ictidomys_tridecemlineatus",0.2287,0,6600,0.193,"Mammalia","Rodentia","Omnivore","land","land","","land",0.0458349784423754
"4","Tamiasciurus_douglasii",0.6001,0,11000,0.254,"Mammalia","Rodentia","Omnivore","land","land","","land",0.059172702727032
"5","Glaucomys_sabrinus",0.4301,0,79000.53,0.14884,"Mammalia","Rodentia","Herbivore","land","land","","land",0.158576952022541
"6","Heterodon_platirhinos",0.2441,0.3,516375,0.14732,"Reptilia","Squamata","Carnivore","land","land","land","land",0.405422332239055
"7","Pantherophis_obsoletus",0.8111,0.49,250000,0.6428,"Reptilia","Squamata","Carnivore","land","land","land","land",0.282094791773878
"8","Desmognathus_fuscus",0.0401,0.0171,48.4,0.0045,"Amphibia","Caudata","Invertivore","","land_aquatic","land_aquatic","land_aquatic",0.0039250730555361
"9","Dryocopus_pileatus",32.0001,0,2630000,0.287,"Aves","Piciformes","Invertivore","air","air","","air",0.914961748196814
"10","Toxostoma_curvirostre",30.0001,0,20000,0.08054,"Aves","Passeriformes","Invertivore","air","air","","air",0.0797884560802865
"11","Tamias_striatus",0.2201,0,1100,0.085,"Mammalia","Rodentia","Omnivore","land","land","","land",0.0187120515925478
"12","Tamias_quadrivittatus",7.1901,0,67300,0.058,"Mammalia","Rodentia","Omnivore","land","land","","land",0.146363435803376
"13","Thomomys_talpoides",0.7901,0,200,0.14,"Mammalia","Rodentia","Herbivore","land","land","","land",0.00797884560802865
"14","Pecari_tajacu",0.2501,0,1350000,23.814,"Mammalia","Artiodactyla","Herbivore","land","land","","land",0.655529058355247
"15","Elanus_leucurus",160.0001,0,78000,0.325,"Aves","Accipitriformes","Carnivore","air","air","","air",0.157569575497098
"16","Bubo_virginianus",1305.0001,0,4800000,1.51,"Aves","Strigiformes","Carnivore","air","air","","air",1.23607744647421
"17","Parkesia_motacilla",4.0001,2540,20000,0.02,"Aves","Passeriformes","Invertivore","air","air","air","air_land",0.0797884560802865
"18","Cryptobranchus_alleganiensis",0.9901,0,110,0.571,"Amphibia","Caudata","Invertivore","water","water","water","water",0.0059172702727032
"19","Sylvilagus_bachmani",0.3521,0,2800,0.695,"Mammalia","Lagomorpha","Herbivore","land","land","land","land",0.0298541066072092
"20","Tamias_minimus",3.0201,0,21000,0.045,"Mammalia","Rodentia","Omnivore","land","land","land","land",0.0817588381146626
"21","Blarina_brevicauda",7.7101,0,3520.765,0.018,"Mammalia","Eulipotyphla","Omnivore","land","land","land","land",0.0334767726405918
"22","Dendragapus_obscurus",11.0001,4.5,16996.8,1.05,"Aves","Galliformes","Herbivore","land","land","land","land",0.0735543980567352
"23","Strix_occidentalis",87.4001,31,1.4e+07,0.637,"Aves","Strigiformes","Carnivore","air","air","air","air",2.11100412282238
"24","Chrysemys_picta",0.6211,0.06,31500,0.3545,"Reptilia","Testudines","Carnivore","land","land_aquatic","land_aquatic","aquatic",0.100133717671868
"25","Ursus_arctos",36.6001,0,53100000,204.12,"Mammalia","Carnivora","Omnivore","land","land","","land",4.11123521053701
"26","Sylvilagus_palustris",0.5601,0,39600.44,1.34999,"Mammalia","Lagomorpha","Herbivore","land","land","","land_aquatic",0.112272933288607
"27","Vulpes_rueppellii",32.0001,0,30399749.15,3.24997,"Mammalia","Carnivora","Carnivore","land","land","","land",3.11071385568526
"28","Hylobates_lar",0.6201,0,386666.667,5.64,"Mammalia","Primates","Omnivore","land","land","","land",0.350827340388168
"29","Didelphis_marsupialis",4.3001,0,598800,2.724,"Mammalia","Didelphimorphia","Omnivore","land","land","","",0.436582134136125
"30","Panthera_pardus",9.8301,0,21080000,52.4,"Mammalia","Carnivora","Carnivore","land","land","","land",2.59036144210693
"31","Panthera_tigris",101.3001,0,69690000,161,"Mammalia","Carnivora","Carnivore","land","land","","land",4.70988492090288
"32","Microtus_pinetorum",1.5501,0,5800,0.023,"Mammalia","Rodentia","Herbivore","land","land","","land",0.0429673985699156
"33","Mus_musculus",1.5001,0.01,800,0.014,"Mammalia","Rodentia","Omnivore","land","land","land","land",0.0159576912160573
"34","Castor_canadensis",40.6001,0,32374.9,20.25,"Mammalia","Rodentia","Herbivore","","land_aquatic","","land_aquatic",0.101514780865703
"35","Didelphis_virginiana",4.7261,0,109062.78,3.63,"Mammalia","Didelphimorphia","Omnivore","land","land","","land",0.186321660277832
"36","Glaucomys_volans",0.4301,0,16187.4,0.0645,"Mammalia","Rodentia","Herbivore","land","land","","land",0.0717816790804694
"37","Canis_latrans",232.0001,35.8,6190000,14.06,"Mammalia","Carnivora","Omnivore","land","land","land","land",1.40368735674211
"38","Cynomys_ludovicianus",2.3551,0,13300,1.1,"Mammalia","Rodentia","Herbivore","land","land","","land",0.0650655168752575
"39","Emydoidea_blandingii",1.1151,1.3,33000,1.294,"Reptilia","Testudines","Carnivore","land","land_aquatic","land","land_aquatic",0.102490127544389
"40","Lycaon_pictus",29.8501,0,1.75e+09,22,"Mammalia","Carnivora","Carnivore","land","land","","land",23.6017435970657
"41","Aepyceros_melampus",1.2001,24.14,9e+05,63.50384,"Mammalia","Artiodactyla","Herbivore","land","land","land","land",0.535237234845831
"42","Lontra_canadensis",200.0001,0,9430000,6.225,"Mammalia","Carnivora","Carnivore","","land_aquatic_marine","","land_aquatic_marine",1.73253058464004
"43","Sciurus_aberti",10.1301,0,130888.05,0.7938,"Mammalia","Rodentia","Herbivore","land","land","","land",0.204115066318776
"44","Meles_meles",8.3001,0,870000,13,"Mammalia","Carnivora","Omnivore","land","land","","land",0.526241010355424
"45","Larus_delawarensis",700.0001,1563,1.5e+08,0.57,"Aves","Charadriiformes","Omnivore","air","air","air","air",6.90988298942671
"46","Mustela_frenata",23.5101,0,1112900,0.165,"Mammalia","Carnivora","Carnivore","land","land","","land",0.595186586150881
"47","Varanus_varius",1.8001,0,558000,0.5651,"Reptilia","Squamata","Carnivore","land","land","","land",0.421446220164038
"48","Scalopus_aquaticus",6.0501,0,7428.65,0.1035,"Mammalia","Eulipotyphla","Carnivore","land","land","","land",0.0486272838640944
"49","Urile_pelagicus",150.0001,920,3.14e+08,1.562,"Aves","Pelecaniformes","Carnivore","","air","air","air_marine",9.99746489174682
"50","Apus_apus",111.0001,12000,9.33e+09,0.04,"Aves","Apodiformes","Invertivore","air","air","air","air",54.4961580122376
"51","Lemmus_lemmus",20.0001,32,8560,0.1,"Mammalia","Rodentia","Herbivore","land","land","land","land",0.0521989715007226
"52","Bucephala_clangula",6.0001,3000,110000,0.92,"Aves","Anseriformes","Carnivore","","air","air","aquatic",0.187120515925478
"53","Ficedula_hypoleuca",56.0001,7000,14000,0.016,"Aves","Passeriformes","Invertivore","air","air","air","air",0.0667558117812455
"54","Acinonyx_jubatus",20.0001,40,1.61e+08,50,"Mammalia","Carnivora","Carnivore","land","land","land","land",7.15876327835963
"55","Phylloscopus_trochilus",20.8001,15000,2800,0.0087,"Aves","Passeriformes","Invertivore","air","air","air","air",0.0298541066072092
"56","Chroicocephalus_ridibundus",189.5001,4000,1.08e+09,0.28,"Aves","Charadriiformes","Carnivore","air","air","air","air",18.5411616971131
"57","Larus_fuscus",202.0001,6500,1.61e+08,0.8,"Aves","Charadriiformes","Carnivore","air","air","air","air",7.15876327835963
"58","Connochaetes_taurinus",170.0001,400,20000,140,"Mammalia","Artiodactyla","Herbivore","land","land","land","land",0.0797884560802865
"59","Sylvia_communis",52.4001,9000,2000,0.018,"Aves","Passeriformes","Invertivore","air","air","air","air",0.0252313252202016
"60","Carcharodon_carcharias",1450.0001,11000,7855000,550,"Chondrichthyes","Lamniformes","Carnivore","water","marine","marine","marine",1.58124133388097
"61","Aythya_fuligula",0.2281,4500,380,0.66,"Aves","Anseriformes","Omnivore","","air","air","land_aquatic",0.0109980796846468
"62","Canis_lupus",886.0001,500,62500000,37,"Mammalia","Carnivora","Carnivore","land","land","land","land",4.46031029038193
"63","Vulpes_vulpes",18.1688778,65,11663333.33,4.1,"Mammalia","Carnivora","Omnivore","land","land","land","land",1.92679897882366
"64","Dicrostonyx_groenlandicus",20.0001,5.4,2000,0.054,"Mammalia","Rodentia","Herbivore","land","land","land","land",0.0252313252202016
"65","Sturnus_vulgaris",9.5001,1000,777000,0.082,"Aves","Passeriformes","Omnivore","air","air","air","air",0.497319597004588
"66","Crocuta_crocuta",10.0001,80,2.5e+07,59,"Mammalia","Carnivora","Carnivore","land","land","land","land",2.82094791773878
"67","Equus_zebra",120.0001,100,9400000,240,"Mammalia","Perissodactyla","Herbivore","land","land","land","land",1.7297725082009
"68","Peromyscus_leucopus",0.1841,15,590,0.021,"Mammalia","Rodentia","Omnivore","land","land","land","land",0.0137041173684567
"69","Tursiops_truncatus",1000.0001,1100,51300000,140,"Mammalia","Artiodactyla","Carnivore","water","marine","marine","marine",4.04095250667815
"70","Capreolus_pygargus",120.0001,500,1e+06,40,"Mammalia","Artiodactyla","Herbivore","land","land","land","land",0.564189583547756
"71","Ovibos_moschatus",5.0001,320,25500000,480,"Mammalia","Artiodactyla","Herbivore","land","land","land","land",2.8490177426065
"72","Lemmus_sibiricus",0.2501,5.4,18080,0.09214,"Mammalia","Rodentia","Herbivore","land","land","land","land",0.0758619980108811
"73","Isurus_oxyrinchus",4543.0001,2400,1.04e+09,58,"Chondrichthyes","Lamniformes","Carnivore","water","marine","marine","marine",18.1945673658689
"74","Setophaga_kirtlandii",2.2001,1900,33993.6,0.014,"Aves","Passeriformes","Invertivore","air","air","air","air",0.104021627304024
"75","Ursus_americanus",25.6776,140,22850000,100,"Mammalia","Carnivora","Omnivore","land","land","land","land",2.69692063274017
"76","Acrocephalus_scirpaceus",11.0001,6000,15700,0.011,"Aves","Passeriformes","Invertivore","air","air","air","air",0.0706927521962861
"77","Alces_alces",118.0001,200,93825308.27,307.22744,"Mammalia","Artiodactyla","Herbivore","land","land","land","land",5.46493579070997
"78","Antilocapra_americana",54.2101,260,10125348.97,46.0999,"Mammalia","Artiodactyla","Herbivore","land","land","land","land",1.79527119907045
"79","Apodemus_sylvaticus",0.5001,0,13052.09,0.0212,"Mammalia","Rodentia","Herbivore","land","land","","land",0.064456258674861
"80","Capreolus_capreolus",2.1201,84,674636.76,24.05027,"Mammalia","Artiodactyla","Herbivore","land","land","land","land",0.463404305429936
"81","Cervus_elaphus",20.0001,24.95,74865201.87,234.75778,"Mammalia","Artiodactyla","Herbivore","land","land","land","land",4.88163229733316
"82","Cervus_nippon",1.6001,100,851490.88,29.45032,"Mammalia","Artiodactyla","Herbivore","land","land","land","land",0.520613066585286
"83","Coracias_garrulus",0.6086,10000,1e+06,0.103,"Aves","Coraciiformes","Invertivore","air","air","air","air",0.564189583547756
"84","Dipodomys_merriami",0.0501,0,7374.8,0.04182,"Mammalia","Rodentia","Herbivore","land","land","","land",0.0484507146348557
"85","Dipodomys_spectabilis",0.8601,0,3008.5,0.14458,"Mammalia","Rodentia","Herbivore","land","land","","land",0.0309456829393687
"86","Dipodomys_stephensi",0.0371,0,1480.44,0.0762,"Mammalia","Rodentia","Herbivore","land","land","","land",0.0217080327966845
"87","Fringilla_coelebs",22.6001,5000,42000,0.02325,"Aves","Passeriformes","Invertivore","air","air","air","air",0.115624457705622
"88","Gulo_gulo",55.0001,0,361917847.3,21.54567,"Mammalia","Carnivora","Carnivore","land","land","","land",10.7332208018817
"89","Helogale_parvula",0.5001,0,281838.29,0.28184,"Mammalia","Carnivora","Carnivore","land","land","","land",0.299519471841372
"90","Lanius_collurio",0.2801,11000,15782.72,0.03,"Aves","Passeriformes","Carnivore","air","air","air","air",0.0708787401614238
"91","Lepus_americanus",7.1771,0,32716.74,1.36079,"Mammalia","Lagomorpha","Herbivore","land","land","","land",0.102049310559673
"92","Lepus_californicus",45.0611,35,1592758.75,2.26798,"Mammalia","Lagomorpha","Herbivore","land","land","land","land",0.71203290403656
"93","Lepus_europaeus",2.0571,0,286615.72,5.25001,"Mammalia","Lagomorpha","Herbivore","land","land","","land",0.302047375773545
"94","Lepus_timidus",3.0001,10,453241.85,2.82501,"Mammalia","Lagomorpha","Herbivore","land","land","","land",0.379830701348944
"95","Lynx_canadensis",88.0001,0,82748475.24,10.20587,"Mammalia","Carnivora","Carnivore","land","land","","land",5.13221762355481
"96","Lynx_lynx",39.6001,0,181042275.7,29.99991,"Mammalia","Carnivora","Carnivore","land","land","","land",7.59128093094449
"97","Lynx_rufus",58.7101,0,39877690.65,11.33992,"Mammalia","Carnivora","Carnivore","land","land","","land",3.56278867912116
"98","Macropus_fuliginosus",85.0001,0,3236532.71,22.12483,"Mammalia","Diprotodontia","Herbivore","land","land","","land",1.01499771356896
"99","Marmota_flaviventris",0.9501,0,56963.94,3.40197,"Mammalia","Rodentia","Herbivore","land","land","","land",0.134655802912389
"100","Marmota_monax",0.7681,0,165390.29,3.40197,"Mammalia","Rodentia","Herbivore","land","land","","land",0.229445776569986
"101","Martes_americana",8.1371,0,7066103.59,0.88349,"Mammalia","Carnivora","Carnivore","land","land","","land",1.49973685341655
"102","Martes_pennanti",24.2301,0,16755600.61,3.17519,"Mammalia","Carnivora","Carnivore","land","land","","land",2.30943138523537
"103","Microtus_agrestis",0.0486,0,700.42,0.038,"Mammalia","Rodentia","Herbivore","land","land","","land",0.0149315307480797
"104","Microtus_ochrogaster",0.0206,0,674.47,0.03544,"Mammalia","Rodentia","Herbivore","land","land","","land",0.0146523195752202
"105","Microtus_pennsylvanicus",1.2001,0,411.74,0.04961,"Mammalia","Rodentia","Herbivore","land","land","","land",0.0114481838095531
"106","Motacilla_flava",35.5001,8000,10117.13,0.0175,"Aves","Passeriformes","Invertivore","air","air","air","air",0.0567484140642416
"107","Muscicapa_striata",48.0001,13000,10000,0.0128,"Aves","Passeriformes","Invertivore","air","air","air","air",0.0564189583547756
"108","Mustela_erminea",5.6001,0,1323244.2,0.27054,"Mammalia","Carnivora","Carnivore","land","land","","land",0.649000547530864
"109","Neotoma_cinerea",2.2001,0,47616.78,0.39548,"Mammalia","Rodentia","Herbivore","land","land","","land",0.12311332918185
"110","Ochotona_princeps",0.0901,0,1866.34,0.1465,"Mammalia","Lagomorpha","Herbivore","land","land","","land",0.024373642997719
"111","Odocoileus_hemionus",6.7501,160,35072764.57,53.86417,"Mammalia","Artiodactyla","Herbivore","land","land","land","land",3.34125840042754
"112","Odocoileus_virginianus",11.6901,52,2488341.6,87.88404,"Mammalia","Artiodactyla","Herbivore","land","land","land","land",0.889979624195066
"113","Oenanthe_oenanthe",95.6001,1400,15378.03,0.0252,"Aves","Passeriformes","Invertivore","air","air","air","air",0.0699641263722411
"114","Onychomys_torridus",0.3291,0,25945.38,0.022,"Mammalia","Rodentia","Carnivore","land","land","","land",0.0908772301228157
"115","Oryctolagus_cuniculus",0.5351,0,62999.92,1.6,"Mammalia","Lagomorpha","Herbivore","land","land","","land",0.141610371670962
"116","Otospermophilus_beecheyi",1.8801,0,518.84,0.72575,"Mammalia","Rodentia","Omnivore","land","land","","land",0.0128511439703864
"117","Ovis_canadensis",12.2801,40,27544823.89,90.71936,"Mammalia","Artiodactyla","Herbivore","land","land","land","land",2.96104538252599
"118","Phoenicurus_phoenicurus",36.0001,6000,4500,0.01521,"Aves","Passeriformes","Invertivore","air","air","air","air",0.0378469878303024
"119","Puma_concolor",88.3201,50,312003883.7,89.99948,"Mammalia","Carnivora","Carnivore","land","land","land","land",9.9656369946656
"120","Rangifer_tarandus",39.0001,1200,3550830977,102.05869,"Mammalia","Artiodactyla","Herbivore","land","land","land","land",33.6194081468837
"121","Sciurus_carolinensis",100.0001,0,4900.04,0.625,"Mammalia","Rodentia","Herbivore","land","land","","land",0.0394934320450378
"122","Sciurus_niger",0.6001,0,128265.54,0.95299,"Mammalia","Rodentia","Herbivore","land","land","","land",0.202059865977147
"123","Sciurus_vulgaris",0.7051,0,74908.31,0.3275,"Mammalia","Rodentia","Herbivore","land","land","","land",0.154415205308027
"124","Streptopelia_turtur",30.4001,6000,63585000,0.14033,"Aves","Columbiformes","Herbivore","air","air","air","air",4.49885920128607
"125","Sylvilagus_floridanus",3.9001,0,28920.11,1.36079,"Mammalia","Lagomorpha","Herbivore","land","land","","land",0.0959455935544864
"126","Tamiasciurus_hudsonicus",0.0901,0,4753.35,0.22396,"Mammalia","Rodentia","Herbivore","land","land","","land",0.0388977929642765
"127","Taxidea_taxus",22.8201,0,3808816.06,8.61827,"Mammalia","Carnivora","Carnivore","land","land","","land",1.10108301528704
"128","Trichosurus_vulpecula",5.4001,0,50134.88,2.87501,"Mammalia","Diprotodontia","Herbivore","land","land","","land",0.126326671556873
"129","Upupa_epops",1.4101,5000,12560000,0.067,"Aves","Upupiformes","Invertivore","air","air","air","air_land",1.99949297834936
"130","Urocitellus_columbianus",1.9001,0,535.5,0.57834,"Mammalia","Rodentia","Herbivore","land","land","","land",0.0130558394617665
"131","Vulpes_velox",19.2001,0,5495408.74,2.0893,"Mammalia","Carnivora","Carnivore","land","land","","land",1.32258947922733
"132","Prionace_glauca",7870.0001,3200,1.64e+12,70,"Chondrichthyes","Carcharhiniformes","Carnivore","water","marine","marine","marine",722.515199384357
"133","Physeter_catodon",4000.0001,5000,3.14e+12,45000,"Mammalia","Artiodactyla","Carnivore","water","marine","marine","marine",999.746489174682
"134","Corvus_corax",11.4801,0,9388707,1.134,"Aves","Passeriformes","Omnivore","air","air","","air",1.72873313631195
"135","Falcipennis_canadensis",1.7301,3.98,227000,0.456,"Aves","Galliformes","Herbivore","land","land","land","land",0.268805402035972
"136","Lagopus_leucura",29.0001,5.47,10300,0.516,"Aves","Galliformes","Herbivore","land","land","land","land",0.0572589890558072
"137","Falco_tinnunculus",158.8001,2125.3,3e+06,0.2,"Aves","Falconiformes","Carnivore","air","air","air","air",0.97720502380584
"138","Recurvirostra_americana",19.4001,1703.2,20700000,0.32,"Aves","Charadriiformes","Carnivore","","air","air","air_land",2.56690760332437
"139","Seiurus_aurocapilla",0.6181,3206.4,1,0.0189,"Aves","Passeriformes","Invertivore","air","air","air","air",0.000564189583547756
"140","Tyrannus_tyrannus",0.2021,7071.6,70.3921,0.046,"Aves","Passeriformes","Invertivore","air","air","air","air",0.00473355060596567
"141","Bucephala_albeola",4.5001,2110.2,5600,0.334,"Aves","Anseriformes","Carnivore","","air","air","land_aquatic_marine",0.0422200824564475
"142","Passerculus_sandwichensis",1.6001,2529.23,1400,0.02,"Aves","Passeriformes","Omnivore","air","air","air","air",0.0211100412282238
"143","Zonotrichia_leucophrys",2.6001,2396.1,1200,0.028,"Aves","Passeriformes","Omnivore","air","air","air","air",0.0195441004761168
"144","Empidonax_virescens",0.8401,3457.7,18300,0.013,"Aves","Passeriformes","Invertivore","air","air","air","air",0.0763221522047391
"145","Colaptes_auratus",191.0001,1448.7,250000,0.132,"Aves","Piciformes","Invertivore","air","air","air","air",0.282094791773878
"146","Aix_sponsa",3.8001,469.4,3670000,0.658,"Aves","Anseriformes","Omnivore","","air","air","air_land_aquatic",1.0808317548511
"147","Melanerpes_erythrocephalus",0.5801,505,20100,0.072,"Aves","Piciformes","Invertivore","air","air","air","air",0.0799876785029681
"148","Dumetella_carolinensis",15.0001,2308.1,1260000,0.0359,"Aves","Passeriformes","Invertivore","air","air","air","air",0.633301236846713
"149","Hylocichla_mustelina",70.0001,2822.3,1770000,0.051,"Aves","Passeriformes","Invertivore","air","air","air","air",0.750605421340207
"150","Ammodramus_savannarum",0.3461,1343.9,10900,0.0167,"Aves","Passeriformes","Invertivore","air","air","air","air",0.0589031218137317
"151","Geothlypis_trichas",1.7001,2156.4,5300,0.0098,"Aves","Passeriformes","Invertivore","air","air","air","air",0.0410736216661508
"152","Icteria_virens",40.0001,2466.4,1300,0.027,"Aves","Passeriformes","Invertivore","air","air","air","air",0.0203421447256411
"153","Melospiza_melodia",45.0001,753.4,1600,0.0216,"Aves","Passeriformes","Omnivore","air","air","air","air",0.0225675833419103
"154","Passerina_caerulea",25.0001,1497.6,61900,0.0279,"Aves","Passeriformes","Invertivore","air","air","air","air",0.140368735674211
"155","Passerina_cyanea",470.0001,2317.6,1100,0.0143,"Aves","Passeriformes","Herbivore","air","air","air","air",0.0187120515925478
"156","Protonotaria_citrea",1.4201,2527,15000,0.0161,"Aves","Passeriformes","Invertivore","air","air","air","air",0.0690988298942671
"157","Setophaga_ruticilla",0.2501,3997.3,1900,0.009,"Aves","Passeriformes","Invertivore","air","air","air","air",0.0245924537968297
"158","Sialia_sialis",160.0001,836,10100,0.0308,"Aves","Passeriformes","Invertivore","air","air","air","air",0.0567003514138694
"159","Spiza_americana",0.1126,3533.9,8900,0.035,"Aves","Passeriformes","Omnivore","air","air","air","air",0.0532255388609241
"160","Lanius_ludovicianus",79.7001,567.5,60000,0.0481,"Aves","Passeriformes","Invertivore","air","air","air","air",0.138197659788534
"161","Pipilo_erythrophthalmus",15.0001,569.8,73100,0.041,"Aves","Passeriformes","Herbivore","air","air","air","air",0.15254000354017
"162","Charadrius_montanus",3.5001,1165.3,566000,0.0957,"Aves","Charadriiformes","Invertivore","","air","air","land_air",0.424456588569462
"163","Cardellina_canadensis",0.5001,5217.1,10117.1,0.0093,"Aves","Passeriformes","Invertivore","air","air","air","air",0.0567483299270563
"164","Setophaga_pensylvanica",35.0001,3458.6,6070.28,0.0096,"Aves","Passeriformes","Invertivore","air","air","air","air",0.0439571397602681
"165","Setophaga_petechia",0.1196,3740,1699.68,0.0095,"Aves","Passeriformes","Invertivore","air","air","air","air",0.0232599429781946
"166","Spizella_passerina",40.0001,1839.1,30756.1,0.0142,"Aves","Passeriformes","Omnivore","air","air","air","air",0.0989442807364695
"167","Sturnella_magna",6.0001,359.4,30351.4,0.089,"Aves","Passeriformes","Invertivore","air","air","air","air",0.0982911526004182
"168","Sturnella_neglecta",0.5001,877.5,30351.4,0.089,"Aves","Passeriformes","Invertivore","air","air","air","air",0.0982911526004182
"169","Troglodytes_aedon",75.0001,1142,4046.86,0.0112,"Aves","Passeriformes","Invertivore","air","air","air","air",0.0358908838843756
"170","Troglodytes_troglodytes",8.9001,1127.8,10117.1,0.0095,"Aves","Passeriformes","Invertivore","air","air","air","air",0.0567483299270563
"171","Vireo_bellii",4.0001,1537.3,11735.9,0.01,"Aves","Passeriformes","Invertivore","air","air","air","air",0.0611199884920175
"172","Vireo_griseus",55.0001,1122.6,1335.463,0.0114,"Aves","Passeriformes","Invertivore","air","air","air","air",0.0206177369158854
"173","Megascops_asio",2.3001,0,485100,0.2021,"Aves","Strigiformes","Invertivore","air","air","","air",0.392953083443503
"174","Malurus_splendens",2.4001,0,43000,0.01,"Aves","Passeriformes","Invertivore","air","air","","air",0.116992842113964
"175","Perisoreus_canadensis",11.3001,0,870000,0.071,"Aves","Passeriformes","Omnivore","air","air","","air",0.526241010355424
"176","Strix_nebulosa",50.0001,0,47800000,1.16,"Aves","Strigiformes","Carnivore","air","air","","air",3.90066821962407
"177","Tetrastes_bonasia",5.7001,0,120000,0.429,"Aves","Galliformes","Herbivore","land","land","","land",0.195441004761168
"178","Panthera_leo",12.3001,0,2.4e+08,155.8,"Mammalia","Carnivora","Carnivore","land","land","","land",8.74038744473663
"179","Leopardus_pardalis",9.9001,0,16100000,9.98964,"Mammalia","Carnivora","Carnivore","land","land","","land",2.26379971895904
"180","Peromyscus_maniculatus",1.3201,0,8100,0.016,"Mammalia","Rodentia","Omnivore","land","land","","land",0.0507770625192981
"181","Picoides_borealis",90.0001,0,869000,0.044,"Aves","Piciformes","Invertivore","air","air","","air",0.525938486035881
"182","Gymnorhinus_cyanocephalus",640.0001,0,59800000,0.103,"Aves","Passeriformes","Omnivore","air","air","","air",4.36290398631355
"183","Caracal_caracal",90.0001,0,275760000,12.9999,"Mammalia","Carnivora","Carnivore","land","land","","land",9.36894520285193
"184","Mustela_nivalis",6.6401,0,67500,0.0881,"Mammalia","Carnivora","Carnivore","land","land","","land",0.146580753570876
"185","Aquila_adalberti",430.0001,0,1.2e+07,3,"Aves","Accipitriformes","Carnivore","air","air","","air",1.95441004761168
"186","Parabuteo_unicinctus",160.0001,0,3900000,0.73,"Aves","Accipitriformes","Carnivore","air","air","","air",1.11418515342684
"187","Iguana_iguana",1.4101,0,4370,1.068414286,"Reptilia","Squamata","Herbivore","land","land","","land",0.0372963028009904
"188","Lagopus_lagopus",7.5001,0,25899.9,0.62,"Aves","Galliformes","Herbivore","land","land","","land",0.0907975452375865
"189","Poecile_palustris",1.7701,0,22662.4,0.011,"Aves","Passeriformes","Invertivore","air","air","","air",0.0849333030362739
"190","Aegithalos_caudatus",24.9001,0,42000,0.008,"Aves","Passeriformes","Invertivore","air","air","","air",0.115624457705622
"191","Lampropeltis_triangulum",0.5001,0,240400,0.165,"Reptilia","Squamata","Carnivore","land","land","","land",0.276625553119345
"192","Picus_viridis",27.8001,0,1850000,0.18667,"Aves","Piciformes","Invertivore","air","air","","air",0.767380798196054
"193","Coluber_constrictor",2.2901,0,151000,0.55615,"Reptilia","Squamata","Carnivore","land","land","","land",0.219236841825804
"194","Dicamptodon_tenebrosus",0.06635,0.05,2978.58,0.06765,"Amphibia","Caudata","Carnivore","land","land","land","land",0.0307914186225532
"195","Thomomys_bottae",0.3001,0,71.14,0.16018,"Mammalia","Rodentia","Herbivore","land","land","","land",0.00475863061217351
"196","Carcharhinus_limbatus",2146.0001,2148,977000,25.258,"Chondrichthyes","Carcharhiniformes","Carnivore","water","marine","marine","marine",0.557663661001471
"197","Sternotherus_odoratus",0.0111,0,28000,0.19,"Reptilia","Testudines","Carnivore","land","land","","aquatic",0.094406974388263
"198","Nerodia_erythrogaster",1.0001,0,131000,0.31324,"Reptilia","Squamata","Carnivore","land","land_aquatic","","land_aquatic",0.2042023386009
"199","Pseudacris_triseriata",0.2131,0,2117,0.00179,"Amphibia","Anura","Invertivore","land","land","land","land",0.0259588526143026
"200","Riparia_riparia",144.0001,3454,282743,0.012,"Aves","Passeriformes","Invertivore","air","air","air","air",0.299999820248719
"201","Accipiter_cooperii",35.2001,2500,84646.0836,0.47,"Aves","Accipitriformes","Carnivore","air","air","air","aor",0.164145317437384
"202","Asio_flammeus",326.9001,4722,408.04,0.315,"Aves","Strigiformes","Carnivore","air","air","air","air",0.0113966295876647
"203","Buteo_lineatus",24.0001,1000,4604.9796,0.625,"Aves","Accipitriformes","Carnivore","air","air","air","air",0.0382859051395507
"204","Buteo_swainsoni",320.0001,13504,182628.0225,0.988,"Aves","Accipitriformes","Carnivore","air","air","air","air",0.241106418529134
"205","Chordeiles_minor",0.0501,11000,108.16,0.062,"Aves","Caprimulgiformes","Invertivore","air","air","air","air",0.00586757166889667
"206","Falco_sparverius",4.9301,6000,31201.6896,0.114,"Aves","Falconiformes","Carnivore","air","air","air","air",0.0996584480378757
"207","Haliaeetus_leucocephalus",69.2001,930,41330.89,3.997,"Aves","Accipitriformes","Carnivore","air","air","air","air",0.114699742335259
"208","Falco_columbarius",81.1001,3400,125663.7,0.218,"Aves","Falconiformes","Carnivore","air","air","air","air",0.199999995111085
"209","Falco_peregrinus",357.0001,8600,12600000,0.7815,"Aves","Falconiformes","Carnivore","air","air","air","air",2.00267435343736
"210","Numenius_phaeopus",1.6301,5000,210000,0.4,"Aves","Charadriiformes","Omnivore","air","air","air","air_land",0.258544147291321
"211","Sayornis_nigricans",34.4001,100,700,0.02,"Aves","Passeriformes","Invertivore","air","air","air","air",0.0149270533036046
"212","Eudocimus_albus",100.0001,0,12570000,1.04,"Aves","Pelecaniformes","Carnivore","","air","","air_land",2.00028879648171
"213","Anas_platyrhynchos",19.9001,676,2250000,1.082,"Aves","Anseriformes","Herbivore","","air","air","air_aquatic",0.846284375321634
"214","Calidris_mauri",0.0876,3200,706.8,0.047,"Aves","Charadriiformes","Carnivore","","air","air","air_land",0.0149993809057142
"215","Anas_crecca",0.5001,5000,747500,0.35,"Aves","Anseriformes","Herbivore","","air","air","air_land_aquatic",0.487787494635096
"216","Zenaida_macroura",4.8001,2900,2170000,0.119,"Aves","Columbiformes","Herbivore","air","air","air","air",0.831103154258739
"217","Calcarius_lapponicus",0.3986,6500,17600,0.0286,"Aves","Passeriformes","Herbivore","air","air","air","air",0.0748482063701911
"218","Mimus_polyglottos",45.0001,0,4000,0.0501,"Aves","Passeriformes","Omnivore","air","air","","air",0.0356824823230554
"219","Thryomanes_bewickii",0.7301,200,4800,0.011,"Aves","Passeriformes","Carnivore","air","air","air","air",0.0390882009522336
"220","Aegolius_acadicus",9.0001,467,1400000,0.085,"Aves","Strigiformes","Carnivore","air","air","air","air",0.667558117812455
"221","Aquila_chrysaetos",55.3001,2200,2.2e+07,1.6,"Aves","Accipitriformes","Carnivore","air","air","air","air",2.64628371420061
"222","Asio_otus",161.6001,800,5100000,0.252,"Aves","Strigiformes","Carnivore","air","air","air","air",1.27411946831423
"223","Buteo_regalis",592.0001,2376,1.2e+07,1.776,"Aves","Accipitriformes","Carnivore","air","air","air","air",1.95441004761168
"224","Falco_mexicanus",2.5001,0,2.6e+07,0.801,"Aves","Falconiformes","Carnivore","air","air","","air",2.8768136958758
"225","Athene_cunicularia",30.0001,2735,10568.3,0.15,"Aves","Strigiformes","Carnivore","","air","air","air_land",0.0579999514668431
"226","Dolichonyx_oryzivorus",1.5221,8057,7450,0.042,"Aves","Passeriformes","Omnivore","","air","air","air_land",0.0486971113318772
"227","Hirundo_rustica",65.0001,12000,785000,0.019,"Aves","Passeriformes","Carnivore","air","air","air","air",0.499873244587341
"228","Branta_canadensis",30.5001,3500,8960000,3.814,"Aves","Anseriformes","Herbivore","","air","air","air_land",1.6888032982579
"229","Calidris_alpina",2.5001,4800,15300000,0.052,"Aves","Charadriiformes","Carnivore","","air","air","air_land",2.20683965403289
"230","Charadrius_vociferus",1.6391,4348,42150,0.095,"Aves","Charadriiformes","Omnivore","","air","air","air_land",0.115830745929769
"231","Grus_americana",16.6001,4000,4100000,6.9,"Aves","Gruiformes","Omnivore","","air","air","air_land",1.14239683707263
"232","Junco_hyemalis",1.0031,4000,8330,0.022,"Aves","Passeriformes","Herbivore","air","air","air","air",0.0514929252607674
"233","Molothrus_ater",10.4301,2000,164670000,0.044,"Aves","Passeriformes","Carnivore","air","air","air","air",7.2398956455107
"234","Arenaria_interpres",3.0001,5700,328900,0.14,"Aves","Charadriiformes","Carnivore","","air","air","air_land",0.323561619426422
"235","Piranga_olivacea",25.0001,5004,67000,0.029,"Aves","Passeriformes","Invertivore","air","air","air","air",0.146036852795156
"236","Progne_subis",336.0001,7600,19064472000,0.049,"Aves","Passeriformes","Invertivore","air","air","air","air",77.8999994382161
"237","Accipiter_gentilis",1150.0001,346,2130000,0.978,"Aves","Accipitriformes","Invertivore","air","air","air","air",0.823407588968837
"238","Accipiter_striatus",367.4001,1500,1e+06,0.141,"Aves","Accipitriformes","Carnivore","air","air","air","air",0.564189583547756
"239","Turdus_migratorius",40.0001,6400,1214.06,0.077,"Aves","Passeriformes","Invertivore","air","air","air","air",0.0196582629044454
"240","Tachycineta_bicolor",0.1291,5500,1370000,0.02,"Aves","Passeriformes","Invertivore","air","air","air","air",0.660366976818037
"241","Actitis_macularia",146.7001,6700,50000,0.04,"Aves","Charadriiformes","Carnivore","","air","air","air_land",0.126156626101008
"242","Agelaius_phoeniceus",32.1001,2500,9310,0.053,"Aves","Passeriformes","Herbivore","air","air","air","air",0.0544377170753063
"243","Vireo_olivaceus",95.0001,5083,7284.33,0.0176,"Aves","Passeriformes","Invertivore","air","air","air","air",0.0481526141889012
"244","Cygnus_buccinator",128.0001,700,508000,11.4,"Aves","Anseriformes","Herbivore","","air","air","land_aquatic",0.402121153610906
"245","Corvus_brachyrhynchos",85.0001,912,6400000,0.448,"Aves","Passeriformes","Omnivore","air","air","air","air",1.42729929292222
"246","Antechinus_stuartii",1.5001,0,35000.16,0.0275,"Mammalia","Dasyuromorphia","Carnivore","land","land","","land",0.105550447398457
"247","Mephitis_mephitis",21.7001,0,40000,2.586,"Mammalia","Carnivora","Omnivore","air","land","","land",0.112837916709551
"248","Neovison_vison",45.1001,0,2700000,0.908,"Mammalia","Carnivora","Carnivore","","land","","land_aquatic",0.927058084855655
"249","Ambystoma_californiense",0.6701,0.0359,7.07,0.0266,"Amphibia","Caudata","Invertivore","land","land","land","land",0.00150015029091068
"250","Procyon_lotor",265.5001,0,3521000,8,"Mammalia","Carnivora","Omnivore","land","land","","land",1.05866383203221
"251","Crotalus_horridus",4.0701,4,2579600,1.02,"Reptilia","Squamata","Carnivore","land","inferred","","land",0.906152405724173
"252","Plethodon_jordani",0.3001,0,25,0.00427,"Amphibia","Caudata","Invertivore","land","land","","land",0.00282094791773878
"253","Ambystoma_maculatum",0.7561,0.118,12.57,0.03537,"Amphibia","Caudata","Invertivore","land","land","land","land",0.00200028879648171
"254","Natrix_natrix",0.1141,0.3,99000,0.0785,"Reptilia","Squamata","Carnivore","land","land","land","land",0.177518108181096
"255","Lacerta_agilis",0.0564,0,384,0.0314,"Reptilia","Squamata","Invertivore","land","land","","land",0.0110558127830827
"256","Gopherus_polyphemus",0.7401,0.2,4500,0.335,"Reptilia","Testudines","Herbivore","land","land","land","land",0.0378469878303024
"257","Carinascincus_microlepidotus",0.0525,0,12.1,0.0042,"Reptilia","Squamata","Invertivore","land","land","","land",0.00196253652776805
"258","Cygnus_olor",114.0001,760,60000,11.8,"Aves","Anseriformes","Herbivore","","air","air","land_aquatic_marine",0.138197659788534
"259","Erithacus_rubecula",79.8001,500,0.372,0.018,"Aves","Passeriformes","Invertivore","air","air","air","air",0.000344109397808851
"260","Sylvia_atricapilla",117.0001,2500,369300,0.0155,"Aves","Passeriformes","Omnivore","air","air","air","air",0.342858339504341
"261","Corvus_corone",35.5001,0,177205.5,0.57,"Aves","Passeriformes","Omnivore","air","air","","air",0.237500026391876
"262","Cyanistes_caeruleus",35.7001,0,16000,0.0133,"Aves","Passeriformes","Invertivore","air","air","","air",0.0713649646461108
"263","Parus_major",41.1001,0,10000,0.0197,"Aves","Passeriformes","Invertivore","air","air","","air",0.0564189583547756
"264","Pica_pica",44.3001,0,15000,0.189,"Aves","Passeriformes","Omnivore","air","air","","air",0.0690988298942671
"265","Streptopelia_decaocto",59.9001,0,106200,0.152,"Aves","Columbiformes","Omnivore","air","air","","air",0.183860028045028
"266","Motacilla_cinerea",85.6001,3000,23000,0.018,"Aves","Passeriformes","Invertivore","air","air","air","air",0.085563586777479
"267","Emberiza_citrinella",36.0001,500,40000,0.0265,"Aves","Passeriformes","Herbivore","air","air","air","air",0.112837916709551
"268","Alauda_arvensis",51.7001,1500,29000,0.0427,"Aves","Passeriformes","Omnivore","air","air","air","air",0.0960780240186586
"269","Passer_montanus",8.0001,500,7600,0.022,"Aves","Passeriformes","Omnivore","air","air","air","air",0.0491849075936594
"270","Turdus_merula",4.0001,0,7284.34,0.092,"Aves","Passeriformes","Omnivore","air","air","","air",0.0481526472410815
"271","Columba_livia",3.0001,0,16400,0.393,"Aves","Columbiformes","Herbivore","air","air","","air",0.0722515199384357
"272","Columba_palumbus",150.0001,500,2540000,0.49,"Aves","Columbiformes","Omnivore","air","air","air","air",0.89917023466462
"273","Motacilla_alba",100.0001,2500,785000,0.02122,"Aves","Passeriformes","Invertivore","air","air","air","air",0.499873244587341
"274","Saxicola_rubetra",0.5001,6000,7300,0.01648,"Aves","Passeriformes","Invertivore","air","air","air","air",0.0482043791490117
"275","Sitta_europaea",24.1001,0,21000,0.0183,"Aves","Passeriformes","Invertivore","air","air","","air",0.0817588381146626
"276","Passer_domesticus",4.0001,0,7762.5,0.029,"Aves","Passeriformes","Herbivore","air","air","","air",0.0497079519946424
"277","Brachylagus_idahoensis",1.9501,0,4858.81,0.3402,"Mammalia","Lagomorpha","Herbivore","land","land","","air",0.0393269279004687
"278","Zapus_hudsonius",4.8301,0,5300,0.022,"Mammalia","Rodentia","Omnivore","land","land","","land",0.0410736216661508
"279","Microtus_montanus",1.7501,0,151.6,0.0567,"Mammalia","Rodentia","Herbivore","land","land","","land",0.00694663794547137
"280","Sorex_cinereus",5.0901,0,5011.87,0.00417,"Mammalia","Eulipotyphla","Carnivore","land","land","","land",0.0399415544172727
"281","Carcharhinus_melanopterus",5.0001,50,5e+05,5.518,"Chondrichthyes","Carcharhiniformes","Carnivore","water","marine","marine","marine",0.398942280401433
"282","Meleagris_gallopavo",48.0001,0,14520000,6.023,"Aves","Galliformes","Omnivore","land","land","","land",2.14985105237285
"283","Alouatta_palliata",1.3001,0,404500,6.12,"Mammalia","Primates","Herbivore","land","land","","land",0.358826349313067
"284","Aplodontia_rufa",0.1526,0,1800,1.135,"Mammalia","Rodentia","Herbivore","land","land","","land",0.023936536824086
"285","Tympanuchus_cupido",10.8001,0,53200,0.908,"Aves","Galliformes","Herbivore","land","land","","land",0.130131033750515
"286","Strix_aluco",35.3001,0,360000,0.519,"Aves","Strigiformes","Carnivore","air","air","","air",0.338513750128654
"287","Aegolius_funereus",300.0001,0,1138000,0.119,"Aves","Strigiformes","Carnivore","air","air","","air",0.60186098932989
"288","Poecile_atricapillus",11.2001,0,14568.7,0.011,"Aves","Passeriformes","Omnivore","air","air","","air",0.0680981735353144
"289","Accipiter_nisus",166.0001,1100,10800000,0.807,"Aves","Accipitriformes","Carnivore","air","air","air","air",1.85411616971131
"290","Myodes_gapperi",0.2201,0,2500,0.016,"Mammalia","Rodentia","Omnivore","land","land","","land",0.0282094791773878
"291","Chelydra_serpentina",0.1831,0.5,65300,4.25,"Reptilia","Testudines","Carnivore","land","land","land","aquatic",0.144172242709204
"292","Athene_noctua",94.3001,0,280000,0.1565,"Aves","Strigiformes","Omnivore","air","air","","air",0.298541066072092
"293","Neotoma_micropus",0.0614,0,580.55,0.25515,"Mammalia","Rodentia","Herbivore","land","land","","land",0.0135939252765344
"294","Tyto_alba",97.1001,0,1500000,0.285,"Aves","Strigiformes","Carnivore","air","air","","air",0.690988298942671
"295","Chlorocebus_aethiops",0.5001,0,543040,4.65,"Mammalia","Primates","Omnivore","land","land","","land",0.415758343985116
"296","Aphelocoma_coerulescens",1.8001,0,21000,0.0724,"Aves","Passeriformes","Omnivore","air","air","","air",0.0817588381146626
"297","Linaria_cannabina",22.0001,2500,3140000,0.0155,"Aves","Passeriformes","Herbivore","air","air","air","air",0.999746489174682
"298","Pituophis_melanoleucus",0.3071,0,701000,1.004,"Reptilia","Squamata","Carnivore","land","land","","land",0.472371919375863
"299","Genetta_genetta",50.0001,0,7809981.41,1.75001,"Mammalia","Carnivora","Carnivore","land","land","","land",1.57670361631938
"300","Ambystoma_talpoideum",1.0001,0.155,4.45,0.00294,"Amphibia","Caudata","Invertivore","land","land","land","land_aquatic",0.00119015923032083
"301","Gloydius_shedaoensis",0.1001,0,2613.69,0.19681,"Reptilia","Squamata","Carnivore","land","land","","land",0.0288437751762787
"302","Buteo_buteo",72.4001,702,1450000,0.846,"Aves","Accipitriformes","Carnivore","air","air","air","air",0.679374223065975
"303","Zootoca_vivipara",0.1001,0,920,0.0032,"Reptilia","Squamata","Invertivore","land","land","","land",0.0171127173554958
"304","Delichon_urbicum",34.8001,5250,636000,0.02,"Aves","Passeriformes","Invertivore","air","air","air","air",0.449938982099674
"305","Bison_bison",125.6001,93,265778594.2,629.9992,"Mammalia","Artiodactyla","Herbivore","land","land","land","land",9.19782333326151
"306","Tragelaphus_oryx",461.0001,213,52399844.72,635.03842,"Mammalia","Artiodactyla","Herbivore","land","land","land","land",4.08404072076559
"307","Scaphiopus_holbrookii",0.8251,0.1304,53420,0.02046,"Amphibia","Anura","Invertivore","land","land","land","land",0.130399824079399
"308","Rana_sylvatica",2.5301,0.3,64.5,0.0144,"Amphibia","Anura","Invertivore","land","land","land","land",0.00453111329132858
"309","Pelobates_fuscus",0.5001,0.0179,148.2,0.0216,"Amphibia","Anura","Invertivore","water","land","land","land",0.00686829856168453
"310","Bombina_variegata",0.3129,0.19273,2330,0.00632,"Amphibia","Anura","Invertivore","water","land","land","land",0.0272334726909411
"311","Salamandra_salamandra",0.0301,0.0665,494,0.03523,"Amphibia","Caudata","Invertivore","land","land","land","land",0.0125397401797163
"312","Bombina_bombina",1.0001,0.17,60,0.00307,"Amphibia","Anura","Invertivore","water","land","land","land_aquatic",0.00437019372236832
"313","Bufo_bufo",3.62112,0.015,50,0.07654,"Amphibia","Anura","Invertivore","land","land","land","land",0.00398942280401433
"314","Epidalea_calamita",0.0681,0.51066,1450,0.05022,"Amphibia","Anura","Invertivore","land","land","land","land",0.0214836992849578
"315","Hyla_arborea",12.6001,0.39,10,0.00604,"Amphibia","Anura","Invertivore","land","land","land","land",0.00178412411615277
"316","Rana_arvalis",7.6001,0.0085,100,0.0108,"Amphibia","Anura","Invertivore","land","land","land","land",0.00564189583547756
"317","Rana_dalmatina",0.3001,0.1942,90,0.02099,"Amphibia","Anura","Invertivore","land","land","land","land",0.00535237234845831
"318","Rana_temporaria",0.4601,0.031,119.5,0.04224,"Amphibia","Anura","Invertivore","land","land","land","land_aquatic",0.00616749798532298
"319","Anaxyrus_americanus",0.6861,0.45273,687.95,0.06,"Amphibia","Anura","Invertivore","land","land","land","land",0.014798016292738
"320","Microcebus_murinus",0.1571,0,19166.6667,0.06,"Mammalia","Primates","Invertivore","land","land","","land",0.0781085110330472
"321","Hoplocephalus_bungaroides",0.9001,0.78,27379,0.04879,"Reptilia","Squamata","Carnivore","land","land","land","land",0.0933541984799077
